,index,seriesID,year,month,day,value,footnotes,value_diff,percent_change,date_time
1109,1109,Postage,2013,1,1,250.721,,0.0,0.0,2013-01-01
1108,1108,Postage,2013,2,1,263.671,,12.949999999999989,0.052,2013-02-01
1107,1107,Postage,2013,3,1,263.671,,0.0,0.0,2013-03-01
1106,1106,Postage,2013,4,1,263.671,,0.0,0.0,2013-04-01
1105,1105,Postage,2013,5,1,263.671,,0.0,0.0,2013-05-01
1104,1104,Postage,2013,6,1,263.671,,0.0,0.0,2013-06-01
1103,1103,Postage,2013,7,1,263.671,,0.0,0.0,2013-07-01
1102,1102,Postage,2013,8,1,263.671,,0.0,0.0,2013-08-01
1101,1101,Postage,2013,9,1,263.671,,0.0,0.0,2013-09-01
1100,1100,Postage,2013,10,1,263.671,,0.0,0.0,2013-10-01
1099,1099,Postage,2013,11,1,263.671,,0.0,0.0,2013-11-01
1098,1098,Postage,2013,12,1,263.671,,0.0,0.0,2013-12-01
1097,1097,Postage,2014,1,1,265.05,,1.379000000000019,0.005,2014-01-01
1096,1096,Postage,2014,2,1,274.517,,9.466999999999985,0.036,2014-02-01
1095,1095,Postage,2014,3,1,274.517,,0.0,0.0,2014-03-01
1094,1094,Postage,2014,4,1,274.517,,0.0,0.0,2014-04-01
1093,1093,Postage,2014,5,1,274.517,,0.0,0.0,2014-05-01
1092,1092,Postage,2014,6,1,274.517,,0.0,0.0,2014-06-01
1091,1091,Postage,2014,7,1,274.517,,0.0,0.0,2014-07-01
1090,1090,Postage,2014,8,1,274.517,,0.0,0.0,2014-08-01
1089,1089,Postage,2014,9,1,274.517,,0.0,0.0,2014-09-01
1088,1088,Postage,2014,10,1,274.517,,0.0,0.0,2014-10-01
1087,1087,Postage,2014,11,1,274.517,,0.0,0.0,2014-11-01
1086,1086,Postage,2014,12,1,274.517,,0.0,0.0,2014-12-01
1085,1085,Postage,2015,1,1,274.517,,0.0,0.0,2015-01-01
1084,1084,Postage,2015,2,1,274.517,,0.0,0.0,2015-02-01
1083,1083,Postage,2015,3,1,274.517,,0.0,0.0,2015-03-01
1082,1082,Postage,2015,4,1,274.517,,0.0,0.0,2015-04-01
1081,1081,Postage,2015,5,1,274.517,,0.0,0.0,2015-05-01
1080,1080,Postage,2015,6,1,274.517,,0.0,0.0,2015-06-01
1079,1079,Postage,2015,7,1,274.517,,0.0,0.0,2015-07-01
1078,1078,Postage,2015,8,1,274.517,,0.0,0.0,2015-08-01
1077,1077,Postage,2015,9,1,274.517,,0.0,0.0,2015-09-01
1076,1076,Postage,2015,10,1,274.517,,0.0,0.0,2015-10-01
1075,1075,Postage,2015,11,1,274.517,,0.0,0.0,2015-11-01
1074,1074,Postage,2015,12,1,274.517,,0.0,0.0,2015-12-01
1073,1073,Postage,2016,1,1,276.197,,1.6800000000000068,0.006,2016-01-01
1072,1072,Postage,2016,2,1,280.656,,4.459000000000003,0.016,2016-02-01
1071,1071,Postage,2016,3,1,280.656,,0.0,0.0,2016-03-01
1070,1070,Postage,2016,4,1,275.718,,-4.937999999999988,-0.018,2016-04-01
1069,1069,Postage,2016,5,1,275.718,,0.0,0.0,2016-05-01
1068,1068,Postage,2016,6,1,275.718,,0.0,0.0,2016-06-01
1067,1067,Postage,2016,7,1,275.718,,0.0,0.0,2016-07-01
1066,1066,Postage,2016,8,1,275.718,,0.0,0.0,2016-08-01
1065,1065,Postage,2016,9,1,275.718,,0.0,0.0,2016-09-01
1064,1064,Postage,2016,10,1,275.718,,0.0,0.0,2016-10-01
1063,1063,Postage,2016,11,1,275.718,,0.0,0.0,2016-11-01
1062,1062,Postage,2016,12,1,275.718,,0.0,0.0,2016-12-01
1061,1061,Postage,2017,1,1,276.385,,0.6669999999999732,0.002,2017-01-01
1060,1060,Postage,2017,2,1,284.32,,7.935000000000002,0.029,2017-02-01
1059,1059,Postage,2017,3,1,284.32,,0.0,0.0,2017-03-01
1058,1058,Postage,2017,4,1,284.32,,0.0,0.0,2017-04-01
1057,1057,Postage,2017,5,1,284.32,,0.0,0.0,2017-05-01
1056,1056,Postage,2017,6,1,284.32,,0.0,0.0,2017-06-01
1055,1055,Postage,2017,7,1,284.32,,0.0,0.0,2017-07-01
1054,1054,Postage,2017,8,1,284.32,,0.0,0.0,2017-08-01
1053,1053,Postage,2017,9,1,284.32,,0.0,0.0,2017-09-01
1052,1052,Postage,2017,10,1,284.32,,0.0,0.0,2017-10-01
1051,1051,Postage,2017,11,1,284.32,,0.0,0.0,2017-11-01
1050,1050,Postage,2017,12,1,284.32,,0.0,0.0,2017-12-01
1049,1049,Postage,2018,1,1,286.075,,1.7549999999999955,0.006,2018-01-01
1048,1048,Postage,2018,2,1,289.966,,3.8910000000000196,0.014,2018-02-01
1047,1047,Postage,2018,3,1,289.966,,0.0,0.0,2018-03-01
1046,1046,Postage,2018,4,1,289.966,,0.0,0.0,2018-04-01
1045,1045,Postage,2018,5,1,289.966,,0.0,0.0,2018-05-01
1044,1044,Postage,2018,6,1,289.966,,0.0,0.0,2018-06-01
1043,1043,Postage,2018,7,1,289.966,,0.0,0.0,2018-07-01
1042,1042,Postage,2018,8,1,289.966,,0.0,0.0,2018-08-01
1041,1041,Postage,2018,9,1,289.966,,0.0,0.0,2018-09-01
1040,1040,Postage,2018,10,1,289.966,,0.0,0.0,2018-10-01
1039,1039,Postage,2018,11,1,289.966,,0.0,0.0,2018-11-01
1038,1038,Postage,2018,12,1,289.966,,0.0,0.0,2018-12-01
1037,1037,Postage,2019,1,1,295.431,,5.464999999999975,0.019,2019-01-01
1036,1036,Postage,2019,2,1,307.042,,11.61099999999999,0.039,2019-02-01
1035,1035,Postage,2019,3,1,307.042,,0.0,0.0,2019-03-01
1034,1034,Postage,2019,4,1,307.042,,0.0,0.0,2019-04-01
1033,1033,Postage,2019,5,1,307.042,,0.0,0.0,2019-05-01
1032,1032,Postage,2019,6,1,307.042,,0.0,0.0,2019-06-01
1031,1031,Postage,2019,7,1,307.042,,0.0,0.0,2019-07-01
1030,1030,Postage,2019,8,1,307.042,,0.0,0.0,2019-08-01
1029,1029,Postage,2019,9,1,307.042,,0.0,0.0,2019-09-01
1028,1028,Postage,2019,10,1,307.042,,0.0,0.0,2019-10-01
1027,1027,Postage,2019,11,1,307.042,,0.0,0.0,2019-11-01
1026,1026,Postage,2019,12,1,307.042,,0.0,0.0,2019-12-01
1025,1025,Postage,2020,1,1,310.652,,3.6100000000000136,0.012,2020-01-01
1024,1024,Postage,2020,2,1,320.396,,9.744000000000028,0.031,2020-02-01
1023,1023,Postage,2020,3,1,320.396,,0.0,0.0,2020-03-01
1022,1022,Postage,2020,4,1,320.396,,0.0,0.0,2020-04-01
1021,1021,Postage,2020,5,1,320.396,,0.0,0.0,2020-05-01
1020,1020,Postage,2020,6,1,320.396,,0.0,0.0,2020-06-01
1019,1019,Postage,2020,7,1,320.396,,0.0,0.0,2020-07-01
1018,1018,Postage,2020,8,1,320.396,,0.0,0.0,2020-08-01
1017,1017,Postage,2020,9,1,320.396,,0.0,0.0,2020-09-01
1016,1016,Postage,2020,10,1,320.396,,0.0,0.0,2020-10-01
1015,1015,Postage,2020,11,1,320.396,,0.0,0.0,2020-11-01
1014,1014,Postage,2020,12,1,320.396,,0.0,0.0,2020-12-01
1013,1013,Postage,2021,1,1,322.935,,2.5389999999999873,0.008,2021-01-01
1012,1012,Postage,2021,2,1,329.355,,6.420000000000016,0.02,2021-02-01
1011,1011,Postage,2021,3,1,329.355,,0.0,0.0,2021-03-01
1010,1010,Postage,2021,4,1,329.355,,0.0,0.0,2021-04-01
1009,1009,Postage,2021,5,1,329.355,,0.0,0.0,2021-05-01
1008,1008,Postage,2021,6,1,329.355,,0.0,0.0,2021-06-01
1007,1007,Postage,2021,7,1,329.355,,0.0,0.0,2021-07-01
1006,1006,Postage,2021,8,1,329.497,,0.1419999999999959,0.0,2021-08-01
1005,1005,Postage,2021,9,1,329.597,,0.0999999999999659,0.0,2021-09-01
1004,1004,Postage,2021,10,1,343.466,,13.869000000000028,0.042,2021-10-01
1003,1003,Postage,2021,11,1,343.466,,0.0,0.0,2021-11-01
1002,1002,Postage,2021,12,1,342.081,,-1.384999999999991,-0.004,2021-12-01
1001,1001,Postage,2022,1,1,337.645,,-4.4360000000000355,-0.013,2022-01-01
1000,1000,Postage,2022,2,1,339.273,,1.6280000000000427,0.005,2022-02-01
999,999,Postage,2022,3,1,339.273,,0.0,0.0,2022-03-01
998,998,Transportation services,2013,1,1,277.406,,-61.86700000000002,-0.182,2013-01-01
997,997,Transportation services,2013,2,1,277.96,,0.5539999999999736,0.002,2013-02-01
996,996,Transportation services,2013,3,1,278.874,,0.9140000000000441,0.003,2013-03-01
995,995,Transportation services,2013,4,1,279.065,,0.19099999999997408,0.001,2013-04-01
994,994,Transportation services,2013,5,1,279.948,,0.8829999999999814,0.003,2013-05-01
993,993,Transportation services,2013,6,1,280.184,,0.23600000000004684,0.001,2013-06-01
992,992,Transportation services,2013,7,1,281.08,,0.8959999999999582,0.003,2013-07-01
991,991,Transportation services,2013,8,1,279.523,,-1.5569999999999595,-0.006,2013-08-01
990,990,Transportation services,2013,9,1,279.491,,-0.03200000000003911,-0.0,2013-09-01
989,989,Transportation services,2013,10,1,281.697,,2.2060000000000173,0.008,2013-10-01
988,988,Transportation services,2013,11,1,283.116,,1.4189999999999827,0.005,2013-11-01
987,987,Transportation services,2013,12,1,281.68,,-1.4359999999999786,-0.005,2013-12-01
986,986,Transportation services,2014,1,1,280.687,,-0.992999999999995,-0.004,2014-01-01
985,985,Transportation services,2014,2,1,281.759,,1.0720000000000027,0.004,2014-02-01
984,984,Transportation services,2014,3,1,282.663,,0.9039999999999964,0.003,2014-03-01
983,983,Transportation services,2014,4,1,285.402,,2.738999999999976,0.01,2014-04-01
982,982,Transportation services,2014,5,1,288.627,,3.2250000000000227,0.011,2014-05-01
981,981,Transportation services,2014,6,1,289.018,,0.3909999999999627,0.001,2014-06-01
980,980,Transportation services,2014,7,1,286.239,,-2.7789999999999964,-0.01,2014-07-01
979,979,Transportation services,2014,8,1,283.786,,-2.4529999999999745,-0.009,2014-08-01
978,978,Transportation services,2014,9,1,283.425,,-0.36099999999999,-0.001,2014-09-01
977,977,Transportation services,2014,10,1,286.691,,3.2659999999999627,0.012,2014-10-01
976,976,Transportation services,2014,11,1,288.174,,1.483000000000004,0.005,2014-11-01
975,975,Transportation services,2014,12,1,286.585,,-1.5889999999999986,-0.006,2014-12-01
974,974,Transportation services,2015,1,1,286.644,,0.05900000000002592,0.0,2015-01-01
973,973,Transportation services,2015,2,1,287.914,,1.2699999999999818,0.004,2015-02-01
972,972,Transportation services,2015,3,1,288.349,,0.4350000000000023,0.002,2015-03-01
971,971,Transportation services,2015,4,1,289.971,,1.622000000000014,0.006,2015-04-01
970,970,Transportation services,2015,5,1,292.994,,3.0230000000000246,0.01,2015-05-01
969,969,Transportation services,2015,6,1,293.93,,0.9359999999999786,0.003,2015-06-01
968,968,Transportation services,2015,7,1,292.119,,-1.8109999999999786,-0.006,2015-07-01
967,967,Transportation services,2015,8,1,289.798,,-2.3210000000000264,-0.008,2015-08-01
966,966,Transportation services,2015,9,1,289.576,,-0.22199999999998,-0.001,2015-09-01
965,965,Transportation services,2015,10,1,291.969,,2.3929999999999723,0.008,2015-10-01
964,964,Transportation services,2015,11,1,294.8,,2.8310000000000173,0.01,2015-11-01
963,963,Transportation services,2015,12,1,294.081,,-0.7189999999999941,-0.002,2015-12-01
962,962,Transportation services,2016,1,1,294.42,,0.33899999999999864,0.001,2016-01-01
961,961,Transportation services,2016,2,1,295.533,,1.1129999999999995,0.004,2016-02-01
960,960,Transportation services,2016,3,1,296.363,,0.8299999999999841,0.003,2016-03-01
959,959,Transportation services,2016,4,1,299.635,,3.2719999999999914,0.011,2016-04-01
958,958,Transportation services,2016,5,1,302.381,,2.745999999999981,0.009,2016-05-01
957,957,Transportation services,2016,6,1,302.768,,0.38700000000000045,0.001,2016-06-01
956,956,Transportation services,2016,7,1,300.823,,-1.9449999999999932,-0.006,2016-07-01
955,955,Transportation services,2016,8,1,298.876,,-1.9470000000000027,-0.006,2016-08-01
954,954,Transportation services,2016,9,1,298.129,,-0.7469999999999573,-0.002,2016-09-01
953,953,Transportation services,2016,10,1,299.622,,1.492999999999995,0.005,2016-10-01
952,952,Transportation services,2016,11,1,302.164,,2.541999999999973,0.008,2016-11-01
951,951,Transportation services,2016,12,1,302.41,,0.24600000000003774,0.001,2016-12-01
950,950,Transportation services,2017,1,1,303.718,,1.3079999999999927,0.004,2017-01-01
949,949,Transportation services,2017,2,1,306.221,,2.502999999999986,0.008,2017-02-01
948,948,Transportation services,2017,3,1,307.49,,1.2690000000000055,0.004,2017-03-01
947,947,Transportation services,2017,4,1,308.908,,1.4180000000000064,0.005,2017-04-01
946,946,Transportation services,2017,5,1,311.178,,2.269999999999982,0.007,2017-05-01
945,945,Transportation services,2017,6,1,312.012,,0.8340000000000032,0.003,2017-06-01
944,944,Transportation services,2017,7,1,310.567,,-1.4449999999999932,-0.005,2017-07-01
943,943,Transportation services,2017,8,1,309.469,,-1.0980000000000132,-0.004,2017-08-01
942,942,Transportation services,2017,9,1,309.704,,0.23500000000001364,0.001,2017-09-01
941,941,Transportation services,2017,10,1,312.29,,2.5860000000000127,0.008,2017-10-01
940,940,Transportation services,2017,11,1,313.772,,1.481999999999971,0.005,2017-11-01
939,939,Transportation services,2017,12,1,313.645,,-0.12700000000000955,-0.0,2017-12-01
938,938,Transportation services,2018,1,1,315.764,,2.119000000000028,0.007,2018-01-01
937,937,Transportation services,2018,2,1,320.089,,4.324999999999989,0.014,2018-02-01
936,936,Transportation services,2018,3,1,320.774,,0.6850000000000023,0.002,2018-03-01
935,935,Transportation services,2018,4,1,321.437,,0.6630000000000109,0.002,2018-04-01
934,934,Transportation services,2018,5,1,322.966,,1.5289999999999964,0.005,2018-05-01
933,933,Transportation services,2018,6,1,323.646,,0.6800000000000068,0.002,2018-06-01
932,932,Transportation services,2018,7,1,322.842,,-0.8040000000000305,-0.002,2018-07-01
931,931,Transportation services,2018,8,1,321.387,,-1.454999999999984,-0.005,2018-08-01
930,930,Transportation services,2018,9,1,322.241,,0.853999999999985,0.003,2018-09-01
929,929,Transportation services,2018,10,1,324.131,,1.8899999999999864,0.006,2018-10-01
928,928,Transportation services,2018,11,1,324.168,,0.03700000000003456,0.0,2018-11-01
927,927,Transportation services,2018,12,1,322.317,,-1.850999999999999,-0.006,2018-12-01
926,926,Transportation services,2019,1,1,322.216,,-0.10099999999999909,-0.0,2019-01-01
925,925,Transportation services,2019,2,1,323.575,,1.3589999999999804,0.004,2019-02-01
924,924,Transportation services,2019,3,1,323.982,,0.4070000000000391,0.001,2019-03-01
923,923,Transportation services,2019,4,1,325.114,,1.1319999999999482,0.003,2019-04-01
922,922,Transportation services,2019,5,1,326.397,,1.2830000000000155,0.004,2019-05-01
921,921,Transportation services,2019,6,1,326.667,,0.2699999999999818,0.001,2019-06-01
920,920,Transportation services,2019,7,1,325.105,,-1.561999999999955,-0.005,2019-07-01
919,919,Transportation services,2019,8,1,324.396,,-0.7090000000000032,-0.002,2019-08-01
918,918,Transportation services,2019,9,1,324.717,,0.32099999999996953,0.001,2019-09-01
917,917,Transportation services,2019,10,1,326.582,,1.865000000000009,0.006,2019-10-01
916,916,Transportation services,2019,11,1,326.686,,0.103999999999985,0.0,2019-11-01
915,915,Transportation services,2019,12,1,324.209,,-2.4769999999999754,-0.008,2019-12-01
914,914,Transportation services,2020,1,1,324.5,,0.2909999999999968,0.001,2020-01-01
913,913,Transportation services,2020,2,1,327.466,,2.966000000000008,0.009,2020-02-01
912,912,Transportation services,2020,3,1,321.61,,-5.8559999999999945,-0.018,2020-03-01
911,911,Transportation services,2020,4,1,307.25,,-14.360000000000014,-0.045,2020-04-01
910,910,Transportation services,2020,5,1,297.882,,-9.367999999999995,-0.03,2020-05-01
909,909,Transportation services,2020,6,1,303.942,,6.060000000000002,0.02,2020-06-01
908,908,Transportation services,2020,7,1,312.938,,8.995999999999981,0.03,2020-07-01
907,907,Transportation services,2020,8,1,311.422,,-1.5159999999999627,-0.005,2020-08-01
906,906,Transportation services,2020,9,1,308.143,,-3.279000000000053,-0.011,2020-09-01
905,905,Transportation services,2020,10,1,309.965,,1.8220000000000027,0.006,2020-10-01
904,904,Transportation services,2020,11,1,315.554,,5.588999999999999,0.018,2020-11-01
903,903,Transportation services,2020,12,1,312.959,,-2.5949999999999704,-0.008,2020-12-01
902,902,Transportation services,2021,1,1,311.312,,-1.6469999999999914,-0.005,2021-01-01
901,901,Transportation services,2021,2,1,313.16,,1.8480000000000132,0.006,2021-02-01
900,900,Transportation services,2021,3,1,316.345,,3.1850000000000023,0.01,2021-03-01
899,899,Transportation services,2021,4,1,324.519,,8.173999999999978,0.026,2021-04-01
898,898,Transportation services,2021,5,1,331.188,,6.668999999999983,0.021,2021-05-01
897,897,Transportation services,2021,6,1,335.548,,4.360000000000014,0.013,2021-06-01
896,896,Transportation services,2021,7,1,332.917,,-2.6310000000000286,-0.008,2021-07-01
895,895,Transportation services,2021,8,1,325.652,,-7.264999999999986,-0.022,2021-08-01
894,894,Transportation services,2021,9,1,321.673,,-3.978999999999985,-0.012,2021-09-01
893,893,Transportation services,2021,10,1,323.903,,2.230000000000018,0.007,2021-10-01
892,892,Transportation services,2021,11,1,327.749,,3.8460000000000036,0.012,2021-11-01
891,891,Transportation services,2021,12,1,326.063,,-1.6860000000000355,-0.005,2021-12-01
890,890,Transportation services,2022,1,1,328.665,,2.6020000000000323,0.008,2022-01-01
889,889,Transportation services,2022,2,1,333.919,,5.253999999999962,0.016,2022-02-01
888,888,Transportation services,2022,3,1,340.671,,6.7520000000000095,0.02,2022-03-01
887,887,Recreation,2013,1,1,114.816,,-225.855,-0.663,2013-01-01
886,886,Recreation,2013,2,1,115.35,,0.5339999999999918,0.005,2013-02-01
885,885,Recreation,2013,3,1,115.386,,0.036000000000001364,0.0,2013-03-01
884,884,Recreation,2013,4,1,115.359,,-0.027000000000001023,-0.0,2013-04-01
883,883,Recreation,2013,5,1,115.57,,0.21099999999999852,0.002,2013-05-01
882,882,Recreation,2013,6,1,115.407,,-0.1629999999999967,-0.001,2013-06-01
881,881,Recreation,2013,7,1,115.384,,-0.022999999999996135,-0.0,2013-07-01
880,880,Recreation,2013,8,1,115.336,,-0.04800000000000182,-0.0,2013-08-01
879,879,Recreation,2013,9,1,115.203,,-0.13299999999999557,-0.001,2013-09-01
878,878,Recreation,2013,10,1,115.202,,-0.0010000000000047748,-0.0,2013-10-01
877,877,Recreation,2013,11,1,115.325,,0.12300000000000466,0.001,2013-11-01
876,876,Recreation,2013,12,1,114.855,,-0.46999999999999886,-0.004,2013-12-01
875,875,Recreation,2014,1,1,115.275,,0.4200000000000017,0.004,2014-01-01
874,874,Recreation,2014,2,1,115.656,,0.3810000000000002,0.003,2014-02-01
873,873,Recreation,2014,3,1,115.763,,0.10699999999999932,0.001,2014-03-01
872,872,Recreation,2014,4,1,116.042,,0.27899999999999636,0.002,2014-04-01
871,871,Recreation,2014,5,1,116.018,,-0.02400000000000091,-0.0,2014-05-01
870,870,Recreation,2014,6,1,116.037,,0.019000000000005457,0.0,2014-06-01
869,869,Recreation,2014,7,1,115.838,,-0.19900000000001228,-0.002,2014-07-01
868,868,Recreation,2014,8,1,115.311,,-0.5269999999999868,-0.005,2014-08-01
867,867,Recreation,2014,9,1,115.286,,-0.025000000000005684,-0.0,2014-09-01
866,866,Recreation,2014,10,1,115.394,,0.10800000000000409,0.001,2014-10-01
865,865,Recreation,2014,11,1,115.026,,-0.3680000000000092,-0.003,2014-11-01
864,864,Recreation,2014,12,1,114.875,,-0.15099999999999625,-0.001,2014-12-01
863,863,Recreation,2015,1,1,115.288,,0.4129999999999967,0.004,2015-01-01
862,862,Recreation,2015,2,1,115.593,,0.3050000000000068,0.003,2015-02-01
861,861,Recreation,2015,3,1,115.835,,0.24199999999999022,0.002,2015-03-01
860,860,Recreation,2015,4,1,116.045,,0.21000000000000796,0.002,2015-04-01
859,859,Recreation,2015,5,1,116.19,,0.14499999999999602,0.001,2015-05-01
858,858,Recreation,2015,6,1,116.395,,0.2049999999999983,0.002,2015-06-01
857,857,Recreation,2015,7,1,116.355,,-0.03999999999999204,-0.0,2015-07-01
856,856,Recreation,2015,8,1,116.084,,-0.2710000000000008,-0.002,2015-08-01
855,855,Recreation,2015,9,1,116.024,,-0.060000000000002274,-0.001,2015-09-01
854,854,Recreation,2015,10,1,116.1,,0.0759999999999934,0.001,2015-10-01
853,853,Recreation,2015,11,1,115.763,,-0.3369999999999891,-0.003,2015-11-01
852,852,Recreation,2015,12,1,115.625,,-0.13800000000000523,-0.001,2015-12-01
851,851,Recreation,2016,1,1,116.062,,0.4369999999999976,0.004,2016-01-01
850,850,Recreation,2016,2,1,116.631,,0.5690000000000026,0.005,2016-02-01
849,849,Recreation,2016,3,1,117.071,,0.4399999999999977,0.004,2016-03-01
848,848,Recreation,2016,4,1,117.515,,0.4440000000000026,0.004,2016-04-01
847,847,Recreation,2016,5,1,117.512,,-0.0030000000000001137,-0.0,2016-05-01
846,846,Recreation,2016,6,1,117.582,,0.06999999999999318,0.001,2016-06-01
845,845,Recreation,2016,7,1,117.358,,-0.22399999999998954,-0.002,2016-07-01
844,844,Recreation,2016,8,1,117.119,,-0.23900000000000432,-0.002,2016-08-01
843,843,Recreation,2016,9,1,116.945,,-0.1740000000000066,-0.001,2016-09-01
842,842,Recreation,2016,10,1,116.713,,-0.23199999999999932,-0.002,2016-10-01
841,841,Recreation,2016,11,1,116.746,,0.03300000000000125,0.0,2016-11-01
840,840,Recreation,2016,12,1,116.559,,-0.1869999999999976,-0.002,2016-12-01
839,839,Recreation,2017,1,1,117.337,,0.7780000000000058,0.007,2017-01-01
838,838,Recreation,2017,2,1,118.375,,1.0379999999999967,0.009,2017-02-01
837,837,Recreation,2017,3,1,118.573,,0.1979999999999933,0.002,2017-03-01
836,836,Recreation,2017,4,1,118.639,,0.0660000000000025,0.001,2017-04-01
835,835,Recreation,2017,5,1,118.577,,-0.06199999999999761,-0.001,2017-05-01
834,834,Recreation,2017,6,1,118.518,,-0.0589999999999975,-0.0,2017-06-01
833,833,Recreation,2017,7,1,118.863,,0.34499999999999886,0.003,2017-07-01
832,832,Recreation,2017,8,1,118.875,,0.012000000000000455,0.0,2017-08-01
831,831,Recreation,2017,9,1,118.87,,-0.0049999999999954525,-0.0,2017-09-01
830,830,Recreation,2017,10,1,118.663,,-0.20700000000000784,-0.002,2017-10-01
829,829,Recreation,2017,11,1,118.42,,-0.242999999999995,-0.002,2017-11-01
828,828,Recreation,2017,12,1,118.336,,-0.08400000000000318,-0.001,2017-12-01
827,827,Recreation,2018,1,1,118.647,,0.31100000000000705,0.003,2018-01-01
826,826,Recreation,2018,2,1,119.093,,0.44599999999999795,0.004,2018-02-01
825,825,Recreation,2018,3,1,119.281,,0.1880000000000024,0.002,2018-03-01
824,824,Recreation,2018,4,1,118.966,,-0.31500000000001194,-0.003,2018-04-01
823,823,Recreation,2018,5,1,118.851,,-0.11499999999999488,-0.001,2018-05-01
822,822,Recreation,2018,6,1,119.145,,0.29399999999999693,0.002,2018-06-01
821,821,Recreation,2018,7,1,119.272,,0.12700000000000955,0.001,2018-07-01
820,820,Recreation,2018,8,1,118.972,,-0.30000000000001137,-0.003,2018-08-01
819,819,Recreation,2018,9,1,119.163,,0.1910000000000025,0.002,2018-09-01
818,818,Recreation,2018,10,1,118.85,,-0.3130000000000024,-0.003,2018-10-01
817,817,Recreation,2018,11,1,119.147,,0.29700000000001125,0.002,2018-11-01
816,816,Recreation,2018,12,1,119.705,,0.5579999999999927,0.005,2018-12-01
815,815,Recreation,2019,1,1,120.265,,0.5600000000000023,0.005,2019-01-01
814,814,Recreation,2019,2,1,120.306,,0.04099999999999682,0.0,2019-02-01
813,813,Recreation,2019,3,1,120.743,,0.4369999999999976,0.004,2019-03-01
812,812,Recreation,2019,4,1,120.821,,0.07800000000000296,0.001,2019-04-01
811,811,Recreation,2019,5,1,120.254,,-0.5669999999999931,-0.005,2019-05-01
810,810,Recreation,2019,6,1,120.145,,-0.10900000000000887,-0.001,2019-06-01
809,809,Recreation,2019,7,1,120.128,,-0.016999999999995907,-0.0,2019-07-01
808,808,Recreation,2019,8,1,120.458,,0.3299999999999983,0.003,2019-08-01
807,807,Recreation,2019,9,1,120.357,,-0.10099999999999909,-0.001,2019-09-01
806,806,Recreation,2019,10,1,120.982,,0.625,0.005,2019-10-01
805,805,Recreation,2019,11,1,121.381,,0.3990000000000009,0.003,2019-11-01
804,804,Recreation,2019,12,1,121.545,,0.16400000000000148,0.001,2019-12-01
803,803,Recreation,2020,1,1,121.986,,0.4410000000000025,0.004,2020-01-01
802,802,Recreation,2020,2,1,122.067,,0.08099999999998886,0.001,2020-02-01
801,801,Recreation,2020,3,1,122.265,,0.1980000000000075,0.002,2020-03-01
800,800,Recreation,2020,4,1,121.935,,-0.3299999999999983,-0.003,2020-04-01
799,799,Recreation,2020,5,1,122.779,,0.8439999999999941,0.007,2020-05-01
798,798,Recreation,2020,6,1,122.015,,-0.7639999999999958,-0.006,2020-06-01
797,797,Recreation,2020,7,1,121.304,,-0.7109999999999985,-0.006,2020-07-01
796,796,Recreation,2020,8,1,122.074,,0.769999999999996,0.006,2020-08-01
795,795,Recreation,2020,9,1,122.188,,0.11400000000000432,0.001,2020-09-01
794,794,Recreation,2020,10,1,122.581,,0.3930000000000007,0.003,2020-10-01
793,793,Recreation,2020,11,1,123.016,,0.4350000000000023,0.004,2020-11-01
792,792,Recreation,2020,12,1,122.692,,-0.3240000000000123,-0.003,2020-12-01
791,791,Recreation,2021,1,1,122.14,,-0.5519999999999925,-0.004,2021-01-01
790,790,Recreation,2021,2,1,123.021,,0.8810000000000002,0.007,2021-02-01
789,789,Recreation,2021,3,1,123.567,,0.5459999999999923,0.004,2021-03-01
788,788,Recreation,2021,4,1,124.546,,0.9790000000000134,0.008,2021-04-01
787,787,Recreation,2021,5,1,124.769,,0.22299999999999898,0.002,2021-05-01
786,786,Recreation,2021,6,1,124.893,,0.12399999999999523,0.001,2021-06-01
785,785,Recreation,2021,7,1,125.588,,0.6949999999999932,0.006,2021-07-01
784,784,Recreation,2021,8,1,126.245,,0.6570000000000107,0.005,2021-08-01
783,783,Recreation,2021,9,1,126.438,,0.19299999999999784,0.002,2021-09-01
782,782,Recreation,2021,10,1,127.301,,0.8629999999999995,0.007,2021-10-01
781,781,Recreation,2021,11,1,126.952,,-0.34900000000000375,-0.003,2021-11-01
780,780,Recreation,2021,12,1,126.695,,-0.257000000000005,-0.002,2021-12-01
779,779,Recreation,2022,1,1,127.937,,1.2420000000000044,0.01,2022-01-01
778,778,Recreation,2022,2,1,129.116,,1.1790000000000163,0.009,2022-02-01
777,777,Recreation,2022,3,1,129.437,,0.32099999999999795,0.002,2022-03-01
776,776,Medical care,2013,1,1,420.687,,291.25,2.25,2013-01-01
775,775,Medical care,2013,2,1,423.221,,2.533999999999992,0.006,2013-02-01
774,774,Medical care,2013,3,1,424.154,,0.9329999999999927,0.002,2013-03-01
773,773,Medical care,2013,4,1,423.815,,-0.33899999999999864,-0.001,2013-04-01
772,772,Medical care,2013,5,1,422.834,,-0.9809999999999945,-0.002,2013-05-01
771,771,Medical care,2013,6,1,424.264,,1.4300000000000068,0.003,2013-06-01
770,770,Medical care,2013,7,1,424.836,,0.5720000000000027,0.001,2013-07-01
769,769,Medical care,2013,8,1,426.866,,2.0299999999999727,0.005,2013-08-01
768,768,Medical care,2013,9,1,428.026,,1.160000000000025,0.003,2013-09-01
767,767,Medical care,2013,10,1,428.082,,0.055999999999983174,0.0,2013-10-01
766,766,Medical care,2013,11,1,427.74,,-0.34199999999998454,-0.001,2013-11-01
765,765,Medical care,2013,12,1,427.089,,-0.6510000000000105,-0.002,2013-12-01
764,764,Medical care,2014,1,1,429.621,,2.5319999999999823,0.006,2014-01-01
763,763,Medical care,2014,2,1,432.769,,3.1480000000000246,0.007,2014-02-01
762,762,Medical care,2014,3,1,433.369,,0.6000000000000227,0.001,2014-03-01
761,761,Medical care,2014,4,1,434.054,,0.6849999999999454,0.002,2014-04-01
760,760,Medical care,2014,5,1,434.874,,0.82000000000005,0.002,2014-05-01
759,759,Medical care,2014,6,1,435.352,,0.4779999999999518,0.001,2014-06-01
758,758,Medical care,2014,7,1,435.924,,0.5720000000000027,0.001,2014-07-01
757,757,Medical care,2014,8,1,435.777,,-0.14699999999999136,-0.0,2014-08-01
756,756,Medical care,2014,9,1,436.575,,0.7980000000000018,0.002,2014-09-01
755,755,Medical care,2014,10,1,437.027,,0.4519999999999982,0.001,2014-10-01
754,754,Medical care,2014,11,1,438.445,,1.4180000000000064,0.003,2014-11-01
753,753,Medical care,2014,12,1,439.72,,1.275000000000034,0.003,2014-12-01
752,752,Medical care,2015,1,1,440.969,,1.2489999999999668,0.003,2015-01-01
751,751,Medical care,2015,2,1,442.783,,1.8140000000000214,0.004,2015-02-01
750,750,Medical care,2015,3,1,444.02,,1.2369999999999663,0.003,2015-03-01
749,749,Medical care,2015,4,1,446.663,,2.643000000000029,0.006,2015-04-01
748,748,Medical care,2015,5,1,447.213,,0.5500000000000114,0.001,2015-05-01
747,747,Medical care,2015,6,1,446.271,,-0.9420000000000073,-0.002,2015-06-01
746,746,Medical care,2015,7,1,446.773,,0.5020000000000095,0.001,2015-07-01
745,745,Medical care,2015,8,1,446.536,,-0.2370000000000232,-0.001,2015-08-01
744,744,Medical care,2015,9,1,447.289,,0.7529999999999859,0.002,2015-09-01
743,743,Medical care,2015,10,1,450.065,,2.7760000000000105,0.006,2015-10-01
742,742,Medical care,2015,11,1,451.371,,1.3059999999999832,0.003,2015-11-01
741,741,Medical care,2015,12,1,451.072,,-0.29899999999997817,-0.001,2015-12-01
740,740,Medical care,2016,1,1,454.175,,3.1030000000000086,0.007,2016-01-01
739,739,Medical care,2016,2,1,458.295,,4.1200000000000045,0.009,2016-02-01
738,738,Medical care,2016,3,1,458.62,,0.32499999999998863,0.001,2016-03-01
737,737,Medical care,2016,4,1,459.994,,1.3740000000000236,0.003,2016-04-01
736,736,Medical care,2016,5,1,461.23,,1.23599999999999,0.003,2016-05-01
735,735,Medical care,2016,6,1,462.075,,0.8449999999999704,0.002,2016-06-01
734,734,Medical care,2016,7,1,464.164,,2.0889999999999986,0.005,2016-07-01
733,733,Medical care,2016,8,1,468.379,,4.215000000000032,0.009,2016-08-01
732,732,Medical care,2016,9,1,469.154,,0.7749999999999773,0.002,2016-09-01
731,731,Medical care,2016,10,1,469.23,,0.07600000000002183,0.0,2016-10-01
730,730,Medical care,2016,11,1,469.333,,0.10300000000000864,0.0,2016-11-01
729,729,Medical care,2016,12,1,469.447,,0.1139999999999759,0.0,2016-12-01
728,728,Medical care,2017,1,1,471.7,,2.252999999999986,0.005,2017-01-01
727,727,Medical care,2017,2,1,474.546,,2.8460000000000036,0.006,2017-02-01
726,726,Medical care,2017,3,1,474.561,,0.014999999999986358,0.0,2017-03-01
725,725,Medical care,2017,4,1,473.582,,-0.978999999999985,-0.002,2017-04-01
724,724,Medical care,2017,5,1,473.512,,-0.06999999999999318,-0.0,2017-05-01
723,723,Medical care,2017,6,1,474.36,,0.8480000000000132,0.002,2017-06-01
722,722,Medical care,2017,7,1,476.126,,1.7659999999999627,0.004,2017-07-01
721,721,Medical care,2017,8,1,476.869,,0.7430000000000518,0.002,2017-08-01
720,720,Medical care,2017,9,1,476.485,,-0.38400000000001455,-0.001,2017-09-01
719,719,Medical care,2017,10,1,477.121,,0.6359999999999673,0.001,2017-10-01
718,718,Medical care,2017,11,1,477.198,,0.07699999999999818,0.0,2017-11-01
717,717,Medical care,2017,12,1,477.802,,0.6040000000000418,0.001,2017-12-01
716,716,Medical care,2018,1,1,481.06,,3.2579999999999814,0.007,2018-01-01
715,715,Medical care,2018,2,1,482.897,,1.836999999999989,0.004,2018-02-01
714,714,Medical care,2018,3,1,483.984,,1.086999999999989,0.002,2018-03-01
713,713,Medical care,2018,4,1,484.034,,0.05000000000001137,0.0,2018-04-01
712,712,Medical care,2018,5,1,484.853,,0.8190000000000168,0.002,2018-05-01
711,711,Medical care,2018,6,1,486.019,,1.1659999999999968,0.002,2018-06-01
710,710,Medical care,2018,7,1,485.193,,-0.8260000000000218,-0.002,2018-07-01
709,709,Medical care,2018,8,1,484.172,,-1.0209999999999582,-0.002,2018-08-01
708,708,Medical care,2018,9,1,484.708,,0.5360000000000014,0.001,2018-09-01
707,707,Medical care,2018,10,1,485.269,,0.5609999999999786,0.001,2018-10-01
706,706,Medical care,2018,11,1,486.886,,1.6170000000000186,0.003,2018-11-01
705,705,Medical care,2018,12,1,487.409,,0.5229999999999677,0.001,2018-12-01
704,704,Medical care,2019,1,1,490.204,,2.795000000000016,0.006,2019-01-01
703,703,Medical care,2019,2,1,491.227,,1.0229999999999677,0.002,2019-02-01
702,702,Medical care,2019,3,1,492.306,,1.0790000000000077,0.002,2019-03-01
701,701,Medical care,2019,4,1,493.331,,1.025000000000034,0.002,2019-04-01
700,700,Medical care,2019,5,1,494.928,,1.59699999999998,0.003,2019-05-01
699,699,Medical care,2019,6,1,495.563,,0.6349999999999909,0.001,2019-06-01
698,698,Medical care,2019,7,1,497.687,,2.1240000000000236,0.004,2019-07-01
697,697,Medical care,2019,8,1,500.916,,3.228999999999985,0.006,2019-08-01
696,696,Medical care,2019,9,1,501.468,,0.5520000000000209,0.001,2019-09-01
695,695,Medical care,2019,10,1,506.1,,4.632000000000005,0.009,2019-10-01
694,694,Medical care,2019,11,1,507.541,,1.440999999999974,0.003,2019-11-01
693,693,Medical care,2019,12,1,509.689,,2.1480000000000246,0.004,2019-12-01
692,692,Medical care,2020,1,1,512.149,,2.4599999999999795,0.005,2020-01-01
691,691,Medical care,2020,2,1,513.923,,1.774000000000001,0.003,2020-02-01
690,690,Medical care,2020,3,1,515.605,,1.6820000000000164,0.003,2020-03-01
689,689,Medical care,2020,4,1,517.053,,1.447999999999979,0.003,2020-04-01
688,688,Medical care,2020,5,1,519.194,,2.1409999999999627,0.004,2020-05-01
687,687,Medical care,2020,6,1,520.734,,1.5400000000000773,0.003,2020-06-01
686,686,Medical care,2020,7,1,522.686,,1.9519999999999982,0.004,2020-07-01
685,685,Medical care,2020,8,1,523.295,,0.6089999999999236,0.001,2020-08-01
684,684,Medical care,2020,9,1,522.528,,-0.7669999999999391,-0.001,2020-09-01
683,683,Medical care,2020,10,1,520.725,,-1.8029999999999973,-0.003,2020-10-01
682,682,Medical care,2020,11,1,519.848,,-0.8770000000000664,-0.002,2020-11-01
681,681,Medical care,2020,12,1,518.766,,-1.0819999999999936,-0.002,2020-12-01
680,680,Medical care,2021,1,1,522.133,,3.3670000000000755,0.006,2021-01-01
679,679,Medical care,2021,2,1,524.207,,2.0739999999999554,0.004,2021-02-01
678,678,Medical care,2021,3,1,524.734,,0.5270000000000437,0.001,2021-03-01
677,677,Medical care,2021,4,1,524.585,,-0.1490000000000009,-0.0,2021-04-01
676,676,Medical care,2021,5,1,523.918,,-0.66700000000003,-0.001,2021-05-01
675,675,Medical care,2021,6,1,522.989,,-0.9289999999999736,-0.002,2021-06-01
674,674,Medical care,2021,7,1,524.219,,1.2300000000000182,0.002,2021-07-01
673,673,Medical care,2021,8,1,525.247,,1.0279999999999063,0.002,2021-08-01
672,672,Medical care,2021,9,1,524.818,,-0.4289999999999736,-0.001,2021-09-01
671,671,Medical care,2021,10,1,527.564,,2.745999999999981,0.005,2021-10-01
670,670,Medical care,2021,11,1,528.877,,1.3129999999999882,0.002,2021-11-01
669,669,Medical care,2021,12,1,530.026,,1.149000000000001,0.002,2021-12-01
668,668,Medical care,2022,1,1,535.048,,5.022000000000048,0.009,2022-01-01
667,667,Medical care,2022,2,1,536.932,,1.8840000000000146,0.004,2022-02-01
666,666,Medical care,2022,3,1,539.739,,2.8070000000000164,0.005,2022-03-01
665,665,Fuels and utilities,2013,1,1,220.228,,-319.511,-0.592,2013-01-01
664,664,Fuels and utilities,2013,2,1,220.992,,0.7639999999999816,0.003,2013-02-01
663,663,Fuels and utilities,2013,3,1,220.251,,-0.7409999999999854,-0.003,2013-03-01
662,662,Fuels and utilities,2013,4,1,221.382,,1.1310000000000002,0.005,2013-04-01
661,661,Fuels and utilities,2013,5,1,224.847,,3.4650000000000034,0.016,2013-05-01
660,660,Fuels and utilities,2013,6,1,230.506,,5.658999999999992,0.025,2013-06-01
659,659,Fuels and utilities,2013,7,1,230.899,,0.3930000000000007,0.002,2013-07-01
658,658,Fuels and utilities,2013,8,1,229.85,,-1.0490000000000066,-0.005,2013-08-01
657,657,Fuels and utilities,2013,9,1,230.318,,0.46800000000001774,0.002,2013-09-01
656,656,Fuels and utilities,2013,10,1,225.244,,-5.074000000000012,-0.022,2013-10-01
655,655,Fuels and utilities,2013,11,1,223.566,,-1.6779999999999973,-0.007,2013-11-01
654,654,Fuels and utilities,2013,12,1,224.407,,0.8410000000000082,0.004,2013-12-01
653,653,Fuels and utilities,2014,1,1,230.098,,5.6910000000000025,0.025,2014-01-01
652,652,Fuels and utilities,2014,2,1,232.014,,1.9159999999999968,0.008,2014-02-01
651,651,Fuels and utilities,2014,3,1,235.139,,3.125,0.013,2014-03-01
650,650,Fuels and utilities,2014,4,1,230.588,,-4.551000000000016,-0.019,2014-04-01
649,649,Fuels and utilities,2014,5,1,234.483,,3.8950000000000102,0.017,2014-05-01
648,648,Fuels and utilities,2014,6,1,240.396,,5.9129999999999825,0.025,2014-06-01
647,647,Fuels and utilities,2014,7,1,241.25,,0.8540000000000134,0.004,2014-07-01
646,646,Fuels and utilities,2014,8,1,239.79,,-1.460000000000008,-0.006,2014-08-01
645,645,Fuels and utilities,2014,9,1,238.285,,-1.5049999999999955,-0.006,2014-09-01
644,644,Fuels and utilities,2014,10,1,232.192,,-6.092999999999989,-0.026,2014-10-01
643,643,Fuels and utilities,2014,11,1,229.68,,-2.5120000000000005,-0.011,2014-11-01
642,642,Fuels and utilities,2014,12,1,231.15,,1.4699999999999989,0.006,2014-12-01
641,641,Fuels and utilities,2015,1,1,232.309,,1.1589999999999918,0.005,2015-01-01
640,640,Fuels and utilities,2015,2,1,231.912,,-0.39699999999999136,-0.002,2015-02-01
639,639,Fuels and utilities,2015,3,1,229.829,,-2.0829999999999984,-0.009,2015-03-01
638,638,Fuels and utilities,2015,4,1,228.304,,-1.5250000000000057,-0.007,2015-04-01
637,637,Fuels and utilities,2015,5,1,228.748,,0.4439999999999884,0.002,2015-05-01
636,636,Fuels and utilities,2015,6,1,235.136,,6.388000000000005,0.028,2015-06-01
635,635,Fuels and utilities,2015,7,1,234.137,,-0.9989999999999952,-0.004,2015-07-01
634,634,Fuels and utilities,2015,8,1,233.847,,-0.28999999999999204,-0.001,2015-08-01
633,633,Fuels and utilities,2015,9,1,232.417,,-1.4300000000000068,-0.006,2015-09-01
632,632,Fuels and utilities,2015,10,1,226.784,,-5.63300000000001,-0.024,2015-10-01
631,631,Fuels and utilities,2015,11,1,224.606,,-2.1779999999999973,-0.01,2015-11-01
630,630,Fuels and utilities,2015,12,1,223.521,,-1.085000000000008,-0.005,2015-12-01
629,629,Fuels and utilities,2016,1,1,224.537,,1.0160000000000196,0.005,2016-01-01
628,628,Fuels and utilities,2016,2,1,224.063,,-0.47400000000001796,-0.002,2016-02-01
627,627,Fuels and utilities,2016,3,1,223.918,,-0.1449999999999818,-0.001,2016-03-01
626,626,Fuels and utilities,2016,4,1,223.529,,-0.38900000000001,-0.002,2016-04-01
625,625,Fuels and utilities,2016,5,1,226.197,,2.6680000000000064,0.012,2016-05-01
624,624,Fuels and utilities,2016,6,1,231.941,,5.744,0.025,2016-06-01
623,623,Fuels and utilities,2016,7,1,233.713,,1.7719999999999914,0.008,2016-07-01
622,622,Fuels and utilities,2016,8,1,234.407,,0.6940000000000168,0.003,2016-08-01
621,621,Fuels and utilities,2016,9,1,235.057,,0.6499999999999773,0.003,2016-09-01
620,620,Fuels and utilities,2016,10,1,230.61,,-4.446999999999974,-0.019,2016-10-01
619,619,Fuels and utilities,2016,11,1,228.801,,-1.809000000000026,-0.008,2016-11-01
618,618,Fuels and utilities,2016,12,1,229.492,,0.6910000000000025,0.003,2016-12-01
617,617,Fuels and utilities,2017,1,1,232.516,,3.024000000000001,0.013,2017-01-01
616,616,Fuels and utilities,2017,2,1,233.688,,1.171999999999997,0.005,2017-02-01
615,615,Fuels and utilities,2017,3,1,232.714,,-0.9739999999999895,-0.004,2017-03-01
614,614,Fuels and utilities,2017,4,1,233.827,,1.1129999999999995,0.005,2017-04-01
613,613,Fuels and utilities,2017,5,1,236.615,,2.788000000000011,0.012,2017-05-01
612,612,Fuels and utilities,2017,6,1,241.94,,5.324999999999989,0.023,2017-06-01
611,611,Fuels and utilities,2017,7,1,242.119,,0.17900000000000205,0.001,2017-07-01
610,610,Fuels and utilities,2017,8,1,241.936,,-0.18299999999999272,-0.001,2017-08-01
609,609,Fuels and utilities,2017,9,1,241.574,,-0.36199999999999477,-0.001,2017-09-01
608,608,Fuels and utilities,2017,10,1,237.015,,-4.559000000000026,-0.019,2017-10-01
607,607,Fuels and utilities,2017,11,1,236.41,,-0.6049999999999898,-0.003,2017-11-01
606,606,Fuels and utilities,2017,12,1,237.423,,1.0130000000000052,0.004,2017-12-01
605,605,Fuels and utilities,2018,1,1,238.77,,1.3470000000000084,0.006,2018-01-01
604,604,Fuels and utilities,2018,2,1,240.938,,2.167999999999978,0.009,2018-02-01
603,603,Fuels and utilities,2018,3,1,239.786,,-1.1519999999999868,-0.005,2018-03-01
602,602,Fuels and utilities,2018,4,1,238.857,,-0.929000000000002,-0.004,2018-04-01
601,601,Fuels and utilities,2018,5,1,240.911,,2.054000000000002,0.009,2018-05-01
600,600,Fuels and utilities,2018,6,1,244.56,,3.649000000000001,0.015,2018-06-01
599,599,Fuels and utilities,2018,7,1,244.269,,-0.2909999999999968,-0.001,2018-07-01
598,598,Fuels and utilities,2018,8,1,245.052,,0.782999999999987,0.003,2018-08-01
597,597,Fuels and utilities,2018,9,1,242.834,,-2.2179999999999893,-0.009,2018-09-01
596,596,Fuels and utilities,2018,10,1,240.641,,-2.193000000000012,-0.009,2018-10-01
595,595,Fuels and utilities,2018,11,1,239.691,,-0.9499999999999886,-0.004,2018-11-01
594,594,Fuels and utilities,2018,12,1,242.343,,2.651999999999987,0.011,2018-12-01
593,593,Fuels and utilities,2019,1,1,242.374,,0.03100000000000591,0.0,2019-01-01
592,592,Fuels and utilities,2019,2,1,241.549,,-0.8249999999999886,-0.003,2019-02-01
591,591,Fuels and utilities,2019,3,1,241.55,,0.0010000000000047748,0.0,2019-03-01
590,590,Fuels and utilities,2019,4,1,240.773,,-0.7770000000000152,-0.003,2019-04-01
589,589,Fuels and utilities,2019,5,1,241.39,,0.6169999999999902,0.003,2019-05-01
588,588,Fuels and utilities,2019,6,1,244.703,,3.3130000000000166,0.014,2019-06-01
587,587,Fuels and utilities,2019,7,1,245.205,,0.5020000000000095,0.002,2019-07-01
586,586,Fuels and utilities,2019,8,1,244.54,,-0.6650000000000205,-0.003,2019-08-01
585,585,Fuels and utilities,2019,9,1,243.643,,-0.8969999999999914,-0.004,2019-09-01
584,584,Fuels and utilities,2019,10,1,242.207,,-1.436000000000007,-0.006,2019-10-01
583,583,Fuels and utilities,2019,11,1,241.459,,-0.7479999999999905,-0.003,2019-11-01
582,582,Fuels and utilities,2019,12,1,241.788,,0.32900000000000773,0.001,2019-12-01
581,581,Fuels and utilities,2020,1,1,243.739,,1.9509999999999934,0.008,2020-01-01
580,580,Fuels and utilities,2020,2,1,242.951,,-0.7880000000000109,-0.003,2020-02-01
579,579,Fuels and utilities,2020,3,1,241.16,,-1.7909999999999968,-0.007,2020-03-01
578,578,Fuels and utilities,2020,4,1,239.897,,-1.2630000000000052,-0.005,2020-04-01
577,577,Fuels and utilities,2020,5,1,240.361,,0.46399999999999864,0.002,2020-05-01
576,576,Fuels and utilities,2020,6,1,244.717,,4.356000000000023,0.018,2020-06-01
575,575,Fuels and utilities,2020,7,1,245.125,,0.40799999999998704,0.002,2020-07-01
574,574,Fuels and utilities,2020,8,1,244.948,,-0.1769999999999925,-0.001,2020-08-01
573,573,Fuels and utilities,2020,9,1,246.471,,1.5229999999999961,0.006,2020-09-01
572,572,Fuels and utilities,2020,10,1,244.978,,-1.492999999999995,-0.006,2020-10-01
571,571,Fuels and utilities,2020,11,1,245.807,,0.8289999999999793,0.003,2020-11-01
570,570,Fuels and utilities,2020,12,1,247.236,,1.429000000000002,0.006,2020-12-01
569,569,Fuels and utilities,2021,1,1,248.879,,1.6430000000000007,0.007,2021-01-01
568,568,Fuels and utilities,2021,2,1,251.277,,2.397999999999996,0.01,2021-02-01
567,567,Fuels and utilities,2021,3,1,251.797,,0.5200000000000102,0.002,2021-03-01
566,566,Fuels and utilities,2021,4,1,253.46,,1.663000000000011,0.007,2021-04-01
565,565,Fuels and utilities,2021,5,1,255.631,,2.1709999999999923,0.009,2021-05-01
564,564,Fuels and utilities,2021,6,1,260.4,,4.768999999999977,0.019,2021-06-01
563,563,Fuels and utilities,2021,7,1,262.32,,1.920000000000016,0.007,2021-07-01
562,562,Fuels and utilities,2021,8,1,264.303,,1.983000000000004,0.008,2021-08-01
561,561,Fuels and utilities,2021,9,1,266.559,,2.2560000000000286,0.009,2021-09-01
560,560,Fuels and utilities,2021,10,1,270.577,,4.017999999999972,0.015,2021-10-01
559,559,Fuels and utilities,2021,11,1,270.444,,-0.13299999999998136,-0.0,2021-11-01
558,558,Fuels and utilities,2021,12,1,270.831,,0.38700000000000045,0.001,2021-12-01
557,557,Fuels and utilities,2022,1,1,278.758,,7.926999999999964,0.029,2022-01-01
556,556,Fuels and utilities,2022,2,1,279.032,,0.2740000000000009,0.001,2022-02-01
555,555,Fuels and utilities,2022,3,1,283.376,,4.343999999999994,0.016,2022-03-01
554,554,Nonalcoholic beverages and beverage materials,2013,1,1,169.593,,-113.78299999999999,-0.402,2013-01-01
553,553,Nonalcoholic beverages and beverage materials,2013,2,1,168.977,,-0.6159999999999854,-0.004,2013-02-01
552,552,Nonalcoholic beverages and beverage materials,2013,3,1,168.736,,-0.24100000000001387,-0.001,2013-03-01
551,551,Nonalcoholic beverages and beverage materials,2013,4,1,168.812,,0.07600000000002183,0.0,2013-04-01
550,550,Nonalcoholic beverages and beverage materials,2013,5,1,166.189,,-2.623000000000019,-0.016,2013-05-01
549,549,Nonalcoholic beverages and beverage materials,2013,6,1,166.287,,0.09800000000001319,0.001,2013-06-01
548,548,Nonalcoholic beverages and beverage materials,2013,7,1,165.412,,-0.875,-0.005,2013-07-01
547,547,Nonalcoholic beverages and beverage materials,2013,8,1,165.884,,0.47199999999998,0.003,2013-08-01
546,546,Nonalcoholic beverages and beverage materials,2013,9,1,165.755,,-0.12899999999999068,-0.001,2013-09-01
545,545,Nonalcoholic beverages and beverage materials,2013,10,1,166.361,,0.6059999999999945,0.004,2013-10-01
544,544,Nonalcoholic beverages and beverage materials,2013,11,1,165.228,,-1.1329999999999814,-0.007,2013-11-01
543,543,Nonalcoholic beverages and beverage materials,2013,12,1,165.767,,0.5389999999999873,0.003,2013-12-01
542,542,Nonalcoholic beverages and beverage materials,2014,1,1,167.039,,1.2719999999999914,0.008,2014-01-01
541,541,Nonalcoholic beverages and beverage materials,2014,2,1,165.98,,-1.0589999999999975,-0.006,2014-02-01
540,540,Nonalcoholic beverages and beverage materials,2014,3,1,165.703,,-0.2769999999999868,-0.002,2014-03-01
539,539,Nonalcoholic beverages and beverage materials,2014,4,1,165.387,,-0.3160000000000025,-0.002,2014-04-01
538,538,Nonalcoholic beverages and beverage materials,2014,5,1,164.64,,-0.7470000000000141,-0.005,2014-05-01
537,537,Nonalcoholic beverages and beverage materials,2014,6,1,164.7,,0.060000000000002274,0.0,2014-06-01
536,536,Nonalcoholic beverages and beverage materials,2014,7,1,165.211,,0.5110000000000241,0.003,2014-07-01
535,535,Nonalcoholic beverages and beverage materials,2014,8,1,165.613,,0.4019999999999868,0.002,2014-08-01
534,534,Nonalcoholic beverages and beverage materials,2014,9,1,166.08,,0.46700000000001296,0.003,2014-09-01
533,533,Nonalcoholic beverages and beverage materials,2014,10,1,167.35,,1.2699999999999818,0.008,2014-10-01
532,532,Nonalcoholic beverages and beverage materials,2014,11,1,167.511,,0.16100000000000136,0.001,2014-11-01
531,531,Nonalcoholic beverages and beverage materials,2014,12,1,166.978,,-0.532999999999987,-0.003,2014-12-01
530,530,Nonalcoholic beverages and beverage materials,2015,1,1,168.603,,1.625,0.01,2015-01-01
529,529,Nonalcoholic beverages and beverage materials,2015,2,1,168.901,,0.2980000000000018,0.002,2015-02-01
528,528,Nonalcoholic beverages and beverage materials,2015,3,1,167.706,,-1.1950000000000216,-0.007,2015-03-01
527,527,Nonalcoholic beverages and beverage materials,2015,4,1,168.401,,0.6950000000000216,0.004,2015-04-01
526,526,Nonalcoholic beverages and beverage materials,2015,5,1,166.795,,-1.606000000000023,-0.01,2015-05-01
525,525,Nonalcoholic beverages and beverage materials,2015,6,1,166.824,,0.029000000000024784,0.0,2015-06-01
524,524,Nonalcoholic beverages and beverage materials,2015,7,1,167.421,,0.59699999999998,0.004,2015-07-01
523,523,Nonalcoholic beverages and beverage materials,2015,8,1,168.017,,0.5960000000000036,0.004,2015-08-01
522,522,Nonalcoholic beverages and beverage materials,2015,9,1,168.054,,0.03700000000000614,0.0,2015-09-01
521,521,Nonalcoholic beverages and beverage materials,2015,10,1,169.045,,0.9909999999999854,0.006,2015-10-01
520,520,Nonalcoholic beverages and beverage materials,2015,11,1,167.498,,-1.546999999999997,-0.009,2015-11-01
519,519,Nonalcoholic beverages and beverage materials,2015,12,1,167.482,,-0.015999999999991132,-0.0,2015-12-01
518,518,Nonalcoholic beverages and beverage materials,2016,1,1,168.718,,1.23599999999999,0.007,2016-01-01
517,517,Nonalcoholic beverages and beverage materials,2016,2,1,169.248,,0.5300000000000011,0.003,2016-02-01
516,516,Nonalcoholic beverages and beverage materials,2016,3,1,168.187,,-1.0609999999999786,-0.006,2016-03-01
515,515,Nonalcoholic beverages and beverage materials,2016,4,1,168.771,,0.5839999999999748,0.003,2016-04-01
514,514,Nonalcoholic beverages and beverage materials,2016,5,1,167.053,,-1.7179999999999893,-0.01,2016-05-01
513,513,Nonalcoholic beverages and beverage materials,2016,6,1,165.94,,-1.1129999999999995,-0.007,2016-06-01
512,512,Nonalcoholic beverages and beverage materials,2016,7,1,166.648,,0.7079999999999984,0.004,2016-07-01
511,511,Nonalcoholic beverages and beverage materials,2016,8,1,167.044,,0.396000000000015,0.002,2016-08-01
510,510,Nonalcoholic beverages and beverage materials,2016,9,1,166.573,,-0.47100000000000364,-0.003,2016-09-01
509,509,Nonalcoholic beverages and beverage materials,2016,10,1,166.793,,0.21999999999999886,0.001,2016-10-01
508,508,Nonalcoholic beverages and beverage materials,2016,11,1,166.258,,-0.5349999999999966,-0.003,2016-11-01
507,507,Nonalcoholic beverages and beverage materials,2016,12,1,165.965,,-0.29300000000000637,-0.002,2016-12-01
506,506,Nonalcoholic beverages and beverage materials,2017,1,1,167.074,,1.1090000000000089,0.007,2017-01-01
505,505,Nonalcoholic beverages and beverage materials,2017,2,1,169.451,,2.376999999999981,0.014,2017-02-01
504,504,Nonalcoholic beverages and beverage materials,2017,3,1,168.455,,-0.9959999999999809,-0.006,2017-03-01
503,503,Nonalcoholic beverages and beverage materials,2017,4,1,168.354,,-0.10099999999999909,-0.001,2017-04-01
502,502,Nonalcoholic beverages and beverage materials,2017,5,1,168.555,,0.2009999999999934,0.001,2017-05-01
501,501,Nonalcoholic beverages and beverage materials,2017,6,1,167.242,,-1.3130000000000166,-0.008,2017-06-01
500,500,Nonalcoholic beverages and beverage materials,2017,7,1,167.085,,-0.15699999999998226,-0.001,2017-07-01
499,499,Nonalcoholic beverages and beverage materials,2017,8,1,166.822,,-0.26300000000000523,-0.002,2017-08-01
498,498,Nonalcoholic beverages and beverage materials,2017,9,1,167.429,,0.6069999999999993,0.004,2017-09-01
497,497,Nonalcoholic beverages and beverage materials,2017,10,1,167.99,,0.561000000000007,0.003,2017-10-01
496,496,Nonalcoholic beverages and beverage materials,2017,11,1,166.271,,-1.7190000000000225,-0.01,2017-11-01
495,495,Nonalcoholic beverages and beverage materials,2017,12,1,166.006,,-0.26499999999998636,-0.002,2017-12-01
494,494,Nonalcoholic beverages and beverage materials,2018,1,1,167.671,,1.664999999999992,0.01,2018-01-01
493,493,Nonalcoholic beverages and beverage materials,2018,2,1,167.736,,0.06499999999999773,0.0,2018-02-01
492,492,Nonalcoholic beverages and beverage materials,2018,3,1,167.758,,0.02200000000001978,0.0,2018-03-01
491,491,Nonalcoholic beverages and beverage materials,2018,4,1,167.041,,-0.717000000000013,-0.004,2018-04-01
490,490,Nonalcoholic beverages and beverage materials,2018,5,1,166.401,,-0.6399999999999864,-0.004,2018-05-01
489,489,Nonalcoholic beverages and beverage materials,2018,6,1,166.431,,0.030000000000001137,0.0,2018-06-01
488,488,Nonalcoholic beverages and beverage materials,2018,7,1,166.577,,0.14599999999998658,0.001,2018-07-01
487,487,Nonalcoholic beverages and beverage materials,2018,8,1,167.231,,0.6539999999999964,0.004,2018-08-01
486,486,Nonalcoholic beverages and beverage materials,2018,9,1,168.428,,1.1970000000000027,0.007,2018-09-01
485,485,Nonalcoholic beverages and beverage materials,2018,10,1,169.57,,1.141999999999996,0.007,2018-10-01
484,484,Nonalcoholic beverages and beverage materials,2018,11,1,167.891,,-1.679000000000002,-0.01,2018-11-01
483,483,Nonalcoholic beverages and beverage materials,2018,12,1,168.339,,0.4480000000000075,0.003,2018-12-01
482,482,Nonalcoholic beverages and beverage materials,2019,1,1,171.354,,3.015000000000015,0.018,2019-01-01
481,481,Nonalcoholic beverages and beverage materials,2019,2,1,172.488,,1.1339999999999861,0.007,2019-02-01
480,480,Nonalcoholic beverages and beverage materials,2019,3,1,172.06,,-0.42799999999999727,-0.002,2019-03-01
479,479,Nonalcoholic beverages and beverage materials,2019,4,1,170.727,,-1.3329999999999984,-0.008,2019-04-01
478,478,Nonalcoholic beverages and beverage materials,2019,5,1,171.26,,0.532999999999987,0.003,2019-05-01
477,477,Nonalcoholic beverages and beverage materials,2019,6,1,170.23,,-1.0300000000000011,-0.006,2019-06-01
476,476,Nonalcoholic beverages and beverage materials,2019,7,1,169.685,,-0.5449999999999875,-0.003,2019-07-01
475,475,Nonalcoholic beverages and beverage materials,2019,8,1,170.067,,0.382000000000005,0.002,2019-08-01
474,474,Nonalcoholic beverages and beverage materials,2019,9,1,170.63,,0.5629999999999882,0.003,2019-09-01
473,473,Nonalcoholic beverages and beverage materials,2019,10,1,170.842,,0.2120000000000175,0.001,2019-10-01
472,472,Nonalcoholic beverages and beverage materials,2019,11,1,170.675,,-0.1670000000000016,-0.001,2019-11-01
471,471,Nonalcoholic beverages and beverage materials,2019,12,1,170.006,,-0.6690000000000111,-0.004,2019-12-01
470,470,Nonalcoholic beverages and beverage materials,2020,1,1,172.313,,2.306999999999988,0.014,2020-01-01
469,469,Nonalcoholic beverages and beverage materials,2020,2,1,173.194,,0.8810000000000002,0.005,2020-02-01
468,468,Nonalcoholic beverages and beverage materials,2020,3,1,174.454,,1.2600000000000193,0.007,2020-03-01
467,467,Nonalcoholic beverages and beverage materials,2020,4,1,179.235,,4.781000000000006,0.027,2020-04-01
466,466,Nonalcoholic beverages and beverage materials,2020,5,1,178.234,,-1.0010000000000048,-0.006,2020-05-01
465,465,Nonalcoholic beverages and beverage materials,2020,6,1,179.19,,0.9559999999999889,0.005,2020-06-01
464,464,Nonalcoholic beverages and beverage materials,2020,7,1,178.167,,-1.0229999999999961,-0.006,2020-07-01
463,463,Nonalcoholic beverages and beverage materials,2020,8,1,178.684,,0.5169999999999959,0.003,2020-08-01
462,462,Nonalcoholic beverages and beverage materials,2020,9,1,177.848,,-0.8359999999999843,-0.005,2020-09-01
461,461,Nonalcoholic beverages and beverage materials,2020,10,1,178.4,,0.5519999999999925,0.003,2020-10-01
460,460,Nonalcoholic beverages and beverage materials,2020,11,1,175.869,,-2.531000000000006,-0.014,2020-11-01
459,459,Nonalcoholic beverages and beverage materials,2020,12,1,177.539,,1.6699999999999875,0.009,2020-12-01
458,458,Nonalcoholic beverages and beverage materials,2021,1,1,179.789,,2.25,0.013,2021-01-01
457,457,Nonalcoholic beverages and beverage materials,2021,2,1,180.202,,0.4130000000000109,0.002,2021-02-01
456,456,Nonalcoholic beverages and beverage materials,2021,3,1,180.018,,-0.1839999999999975,-0.001,2021-03-01
455,455,Nonalcoholic beverages and beverage materials,2021,4,1,179.57,,-0.4480000000000075,-0.002,2021-04-01
454,454,Nonalcoholic beverages and beverage materials,2021,5,1,177.814,,-1.7560000000000002,-0.01,2021-05-01
453,453,Nonalcoholic beverages and beverage materials,2021,6,1,179.527,,1.7129999999999939,0.01,2021-06-01
452,452,Nonalcoholic beverages and beverage materials,2021,7,1,180.136,,0.6090000000000089,0.003,2021-07-01
451,451,Nonalcoholic beverages and beverage materials,2021,8,1,182.277,,2.140999999999991,0.012,2021-08-01
450,450,Nonalcoholic beverages and beverage materials,2021,9,1,184.49,,2.2130000000000223,0.012,2021-09-01
449,449,Nonalcoholic beverages and beverage materials,2021,10,1,186.387,,1.8969999999999914,0.01,2021-10-01
448,448,Nonalcoholic beverages and beverage materials,2021,11,1,185.119,,-1.2680000000000007,-0.007,2021-11-01
447,447,Nonalcoholic beverages and beverage materials,2021,12,1,186.723,,1.6040000000000134,0.009,2021-12-01
446,446,Nonalcoholic beverages and beverage materials,2022,1,1,188.719,,1.995999999999981,0.011,2022-01-01
445,445,Nonalcoholic beverages and beverage materials,2022,2,1,192.21,,3.491000000000014,0.018,2022-02-01
444,444,Nonalcoholic beverages and beverage materials,2022,3,1,194.342,,2.132000000000005,0.011,2022-03-01
443,443,Fruits and vegetables,2013,1,1,293.714,,99.37199999999999,0.511,2013-01-01
442,442,Fruits and vegetables,2013,2,1,293.742,,0.02800000000002001,0.0,2013-02-01
441,441,Fruits and vegetables,2013,3,1,291.284,,-2.458000000000027,-0.008,2013-03-01
440,440,Fruits and vegetables,2013,4,1,287.545,,-3.738999999999976,-0.013,2013-04-01
439,439,Fruits and vegetables,2013,5,1,289.236,,1.690999999999974,0.006,2013-05-01
438,438,Fruits and vegetables,2013,6,1,286.643,,-2.5930000000000177,-0.009,2013-06-01
437,437,Fruits and vegetables,2013,7,1,287.773,,1.1300000000000523,0.004,2013-07-01
436,436,Fruits and vegetables,2013,8,1,290.779,,3.005999999999972,0.01,2013-08-01
435,435,Fruits and vegetables,2013,9,1,290.58,,-0.19900000000001228,-0.001,2013-09-01
434,434,Fruits and vegetables,2013,10,1,291.767,,1.1870000000000118,0.004,2013-10-01
433,433,Fruits and vegetables,2013,11,1,289.195,,-2.5720000000000027,-0.009,2013-11-01
432,432,Fruits and vegetables,2013,12,1,288.136,,-1.058999999999969,-0.004,2013-12-01
431,431,Fruits and vegetables,2014,1,1,292.095,,3.959000000000003,0.014,2014-01-01
430,430,Fruits and vegetables,2014,2,1,292.54,,0.4449999999999932,0.002,2014-02-01
429,429,Fruits and vegetables,2014,3,1,292.944,,0.40399999999999636,0.001,2014-03-01
428,428,Fruits and vegetables,2014,4,1,294.509,,1.5649999999999977,0.005,2014-04-01
427,427,Fruits and vegetables,2014,5,1,298.626,,4.116999999999962,0.014,2014-05-01
426,426,Fruits and vegetables,2014,6,1,295.139,,-3.4869999999999663,-0.012,2014-06-01
425,425,Fruits and vegetables,2014,7,1,293.535,,-1.603999999999985,-0.005,2014-07-01
424,424,Fruits and vegetables,2014,8,1,291.169,,-2.3660000000000423,-0.008,2014-08-01
423,423,Fruits and vegetables,2014,9,1,293.282,,2.1129999999999995,0.007,2014-09-01
422,422,Fruits and vegetables,2014,10,1,297.528,,4.246000000000038,0.014,2014-10-01
421,421,Fruits and vegetables,2014,11,1,293.978,,-3.5500000000000114,-0.012,2014-11-01
420,420,Fruits and vegetables,2014,12,1,297.429,,3.450999999999965,0.012,2014-12-01
419,419,Fruits and vegetables,2015,1,1,298.781,,1.3520000000000323,0.005,2015-01-01
418,418,Fruits and vegetables,2015,2,1,295.686,,-3.0950000000000273,-0.01,2015-02-01
417,417,Fruits and vegetables,2015,3,1,289.858,,-5.8279999999999745,-0.02,2015-03-01
416,416,Fruits and vegetables,2015,4,1,290.178,,0.3199999999999932,0.001,2015-04-01
415,415,Fruits and vegetables,2015,5,1,293.011,,2.833000000000027,0.01,2015-05-01
414,414,Fruits and vegetables,2015,6,1,288.968,,-4.043000000000006,-0.014,2015-06-01
413,413,Fruits and vegetables,2015,7,1,287.816,,-1.1520000000000437,-0.004,2015-07-01
412,412,Fruits and vegetables,2015,8,1,291.344,,3.52800000000002,0.012,2015-08-01
411,411,Fruits and vegetables,2015,9,1,295.394,,4.050000000000011,0.014,2015-09-01
410,410,Fruits and vegetables,2015,10,1,297.931,,2.5369999999999777,0.009,2015-10-01
409,409,Fruits and vegetables,2015,11,1,298.037,,0.10599999999999454,0.0,2015-11-01
408,408,Fruits and vegetables,2015,12,1,299.078,,1.0409999999999968,0.003,2015-12-01
407,407,Fruits and vegetables,2016,1,1,306.796,,7.718000000000018,0.026,2016-01-01
406,406,Fruits and vegetables,2016,2,1,306.778,,-0.01799999999997226,-0.0,2016-02-01
405,405,Fruits and vegetables,2016,3,1,298.162,,-8.616000000000042,-0.028,2016-03-01
404,404,Fruits and vegetables,2016,4,1,296.217,,-1.9449999999999932,-0.007,2016-04-01
403,403,Fruits and vegetables,2016,5,1,295.974,,-0.242999999999995,-0.001,2016-05-01
402,402,Fruits and vegetables,2016,6,1,292.733,,-3.2409999999999854,-0.011,2016-06-01
401,401,Fruits and vegetables,2016,7,1,291.96,,-0.7730000000000246,-0.003,2016-07-01
400,400,Fruits and vegetables,2016,8,1,292.156,,0.19600000000002638,0.001,2016-08-01
399,399,Fruits and vegetables,2016,9,1,293.423,,1.266999999999996,0.004,2016-09-01
398,398,Fruits and vegetables,2016,10,1,295.616,,2.1929999999999836,0.007,2016-10-01
397,397,Fruits and vegetables,2016,11,1,293.554,,-2.062000000000012,-0.007,2016-11-01
396,396,Fruits and vegetables,2016,12,1,291.957,,-1.59699999999998,-0.005,2016-12-01
395,395,Fruits and vegetables,2017,1,1,291.679,,-0.27800000000002,-0.001,2017-01-01
394,394,Fruits and vegetables,2017,2,1,292.222,,0.5430000000000064,0.002,2017-02-01
393,393,Fruits and vegetables,2017,3,1,292.932,,0.7100000000000364,0.002,2017-03-01
392,392,Fruits and vegetables,2017,4,1,298.164,,5.231999999999971,0.018,2017-04-01
391,391,Fruits and vegetables,2017,5,1,298.47,,0.30600000000004,0.001,2017-05-01
390,390,Fruits and vegetables,2017,6,1,294.788,,-3.6820000000000164,-0.012,2017-06-01
389,389,Fruits and vegetables,2017,7,1,294.935,,0.14699999999999136,0.0,2017-07-01
388,388,Fruits and vegetables,2017,8,1,295.009,,0.07400000000001228,0.0,2017-08-01
387,387,Fruits and vegetables,2017,9,1,297.047,,2.038000000000011,0.007,2017-09-01
386,386,Fruits and vegetables,2017,10,1,299.7,,2.652999999999963,0.009,2017-10-01
385,385,Fruits and vegetables,2017,11,1,296.791,,-2.908999999999992,-0.01,2017-11-01
384,384,Fruits and vegetables,2017,12,1,296.476,,-0.3149999999999977,-0.001,2017-12-01
383,383,Fruits and vegetables,2018,1,1,301.814,,5.338000000000022,0.018,2018-01-01
382,382,Fruits and vegetables,2018,2,1,298.503,,-3.3110000000000355,-0.011,2018-02-01
381,381,Fruits and vegetables,2018,3,1,293.87,,-4.632999999999981,-0.016,2018-03-01
380,380,Fruits and vegetables,2018,4,1,296.863,,2.992999999999995,0.01,2018-04-01
379,379,Fruits and vegetables,2018,5,1,297.211,,0.3480000000000132,0.001,2018-05-01
378,378,Fruits and vegetables,2018,6,1,295.523,,-1.6879999999999882,-0.006,2018-06-01
377,377,Fruits and vegetables,2018,7,1,297.632,,2.1089999999999804,0.007,2018-07-01
376,376,Fruits and vegetables,2018,8,1,297.644,,0.012000000000000455,0.0,2018-08-01
375,375,Fruits and vegetables,2018,9,1,298.432,,0.7880000000000109,0.003,2018-09-01
374,374,Fruits and vegetables,2018,10,1,298.531,,0.09899999999998954,0.0,2018-10-01
373,373,Fruits and vegetables,2018,11,1,296.362,,-2.1689999999999827,-0.007,2018-11-01
372,372,Fruits and vegetables,2018,12,1,301.134,,4.771999999999991,0.016,2018-12-01
371,371,Fruits and vegetables,2019,1,1,304.605,,3.4710000000000036,0.012,2019-01-01
370,370,Fruits and vegetables,2019,2,1,304.621,,0.01599999999996271,0.0,2019-02-01
369,369,Fruits and vegetables,2019,3,1,305.399,,0.77800000000002,0.003,2019-03-01
368,368,Fruits and vegetables,2019,4,1,303.503,,-1.896000000000015,-0.006,2019-04-01
367,367,Fruits and vegetables,2019,5,1,302.352,,-1.1510000000000105,-0.004,2019-05-01
366,366,Fruits and vegetables,2019,6,1,298.611,,-3.7409999999999854,-0.012,2019-06-01
365,365,Fruits and vegetables,2019,7,1,299.35,,0.7390000000000327,0.002,2019-07-01
364,364,Fruits and vegetables,2019,8,1,298.6,,-0.75,-0.003,2019-08-01
363,363,Fruits and vegetables,2019,9,1,297.309,,-1.2909999999999968,-0.004,2019-09-01
362,362,Fruits and vegetables,2019,10,1,301.318,,4.008999999999958,0.013,2019-10-01
361,361,Fruits and vegetables,2019,11,1,297.472,,-3.8460000000000036,-0.013,2019-11-01
360,360,Fruits and vegetables,2019,12,1,297.105,,-0.3669999999999618,-0.001,2019-12-01
359,359,Fruits and vegetables,2020,1,1,301.679,,4.573999999999955,0.015,2020-01-01
358,358,Fruits and vegetables,2020,2,1,299.817,,-1.8619999999999663,-0.006,2020-02-01
357,357,Fruits and vegetables,2020,3,1,299.641,,-0.17599999999998772,-0.001,2020-03-01
356,356,Fruits and vegetables,2020,4,1,304.809,,5.168000000000006,0.017,2020-04-01
355,355,Fruits and vegetables,2020,5,1,306.798,,1.988999999999976,0.007,2020-05-01
354,354,Fruits and vegetables,2020,6,1,305.393,,-1.4050000000000296,-0.005,2020-06-01
353,353,Fruits and vegetables,2020,7,1,306.123,,0.7300000000000182,0.002,2020-07-01
352,352,Fruits and vegetables,2020,8,1,306.754,,0.6310000000000286,0.002,2020-08-01
351,351,Fruits and vegetables,2020,9,1,306.249,,-0.5049999999999955,-0.002,2020-09-01
350,350,Fruits and vegetables,2020,10,1,309.071,,2.8220000000000027,0.009,2020-10-01
349,349,Fruits and vegetables,2020,11,1,306.311,,-2.7600000000000477,-0.009,2020-11-01
348,348,Fruits and vegetables,2020,12,1,306.506,,0.19499999999999318,0.001,2020-12-01
347,347,Fruits and vegetables,2021,1,1,309.954,,3.448000000000036,0.011,2021-01-01
346,346,Fruits and vegetables,2021,2,1,309.993,,0.03899999999998727,0.0,2021-02-01
345,345,Fruits and vegetables,2021,3,1,311.168,,1.1750000000000114,0.004,2021-03-01
344,344,Fruits and vegetables,2021,4,1,314.973,,3.805000000000007,0.012,2021-04-01
343,343,Fruits and vegetables,2021,5,1,315.748,,0.7749999999999773,0.002,2021-05-01
342,342,Fruits and vegetables,2021,6,1,315.211,,-0.5369999999999777,-0.002,2021-06-01
341,341,Fruits and vegetables,2021,7,1,312.875,,-2.3360000000000127,-0.007,2021-07-01
340,340,Fruits and vegetables,2021,8,1,313.672,,0.7970000000000255,0.003,2021-08-01
339,339,Fruits and vegetables,2021,9,1,315.428,,1.7559999999999718,0.006,2021-09-01
338,338,Fruits and vegetables,2021,10,1,318.316,,2.887999999999977,0.009,2021-10-01
337,337,Fruits and vegetables,2021,11,1,318.436,,0.12000000000000455,0.0,2021-11-01
336,336,Fruits and vegetables,2021,12,1,321.931,,3.4950000000000045,0.011,2021-12-01
335,335,Fruits and vegetables,2022,1,1,327.451,,5.520000000000039,0.017,2022-01-01
334,334,Fruits and vegetables,2022,2,1,333.675,,6.2239999999999895,0.019,2022-02-01
333,333,Fruits and vegetables,2022,3,1,337.503,,3.8279999999999745,0.011,2022-03-01
332,332,"Meats, poultry, fish, and eggs",2013,1,1,232.461,,-105.04199999999997,-0.311,2013-01-01
331,331,"Meats, poultry, fish, and eggs",2013,2,1,233.041,,0.5799999999999841,0.002,2013-02-01
330,330,"Meats, poultry, fish, and eggs",2013,3,1,233.294,,0.2530000000000143,0.001,2013-03-01
329,329,"Meats, poultry, fish, and eggs",2013,4,1,234.32,,1.025999999999982,0.004,2013-04-01
328,328,"Meats, poultry, fish, and eggs",2013,5,1,233.724,,-0.5960000000000036,-0.003,2013-05-01
327,327,"Meats, poultry, fish, and eggs",2013,6,1,235.277,,1.5529999999999973,0.007,2013-06-01
326,326,"Meats, poultry, fish, and eggs",2013,7,1,235.859,,0.582000000000022,0.002,2013-07-01
325,325,"Meats, poultry, fish, and eggs",2013,8,1,237.494,,1.634999999999991,0.007,2013-08-01
324,324,"Meats, poultry, fish, and eggs",2013,9,1,238.37,,0.8760000000000048,0.004,2013-09-01
323,323,"Meats, poultry, fish, and eggs",2013,10,1,239.834,,1.4639999999999986,0.006,2013-10-01
322,322,"Meats, poultry, fish, and eggs",2013,11,1,238.761,,-1.0730000000000075,-0.004,2013-11-01
321,321,"Meats, poultry, fish, and eggs",2013,12,1,239.102,,0.3410000000000082,0.001,2013-12-01
320,320,"Meats, poultry, fish, and eggs",2014,1,1,240.158,,1.0559999999999832,0.004,2014-01-01
319,319,"Meats, poultry, fish, and eggs",2014,2,1,242.386,,2.2280000000000086,0.009,2014-02-01
318,318,"Meats, poultry, fish, and eggs",2014,3,1,245.301,,2.914999999999992,0.012,2014-03-01
317,317,"Meats, poultry, fish, and eggs",2014,4,1,249.29,,3.9890000000000043,0.016,2014-04-01
316,316,"Meats, poultry, fish, and eggs",2014,5,1,251.825,,2.5349999999999966,0.01,2014-05-01
315,315,"Meats, poultry, fish, and eggs",2014,6,1,252.865,,1.0400000000000205,0.004,2014-06-01
314,314,"Meats, poultry, fish, and eggs",2014,7,1,253.767,,0.9019999999999868,0.004,2014-07-01
313,313,"Meats, poultry, fish, and eggs",2014,8,1,258.416,,4.649000000000001,0.018,2014-08-01
312,312,"Meats, poultry, fish, and eggs",2014,9,1,260.805,,2.38900000000001,0.009,2014-09-01
311,311,"Meats, poultry, fish, and eggs",2014,10,1,259.84,,-0.9650000000000318,-0.004,2014-10-01
310,310,"Meats, poultry, fish, and eggs",2014,11,1,260.457,,0.6170000000000186,0.002,2014-11-01
309,309,"Meats, poultry, fish, and eggs",2014,12,1,261.055,,0.5980000000000132,0.002,2014-12-01
308,308,"Meats, poultry, fish, and eggs",2015,1,1,260.982,,-0.07299999999997908,-0.0,2015-01-01
307,307,"Meats, poultry, fish, and eggs",2015,2,1,260.863,,-0.1190000000000282,-0.0,2015-02-01
306,306,"Meats, poultry, fish, and eggs",2015,3,1,260.077,,-0.7860000000000014,-0.003,2015-03-01
305,305,"Meats, poultry, fish, and eggs",2015,4,1,258.991,,-1.0860000000000127,-0.004,2015-04-01
304,304,"Meats, poultry, fish, and eggs",2015,5,1,257.106,,-1.884999999999991,-0.007,2015-05-01
303,303,"Meats, poultry, fish, and eggs",2015,6,1,261.189,,4.083000000000027,0.016,2015-06-01
302,302,"Meats, poultry, fish, and eggs",2015,7,1,261.639,,0.44999999999998863,0.002,2015-07-01
301,301,"Meats, poultry, fish, and eggs",2015,8,1,263.601,,1.961999999999989,0.007,2015-08-01
300,300,"Meats, poultry, fish, and eggs",2015,9,1,263.227,,-0.37400000000002365,-0.001,2015-09-01
299,299,"Meats, poultry, fish, and eggs",2015,10,1,261.568,,-1.6589999999999918,-0.006,2015-10-01
298,298,"Meats, poultry, fish, and eggs",2015,11,1,259.141,,-2.426999999999964,-0.009,2015-11-01
297,297,"Meats, poultry, fish, and eggs",2015,12,1,255.298,,-3.8430000000000177,-0.015,2015-12-01
296,296,"Meats, poultry, fish, and eggs",2016,1,1,251.783,,-3.515000000000015,-0.014,2016-01-01
295,295,"Meats, poultry, fish, and eggs",2016,2,1,251.29,,-0.492999999999995,-0.002,2016-02-01
294,294,"Meats, poultry, fish, and eggs",2016,3,1,250.837,,-0.45300000000000296,-0.002,2016-03-01
293,293,"Meats, poultry, fish, and eggs",2016,4,1,250.839,,0.0020000000000095497,0.0,2016-04-01
292,292,"Meats, poultry, fish, and eggs",2016,5,1,248.989,,-1.8499999999999943,-0.007,2016-05-01
291,291,"Meats, poultry, fish, and eggs",2016,6,1,248.016,,-0.9730000000000132,-0.004,2016-06-01
290,290,"Meats, poultry, fish, and eggs",2016,7,1,246.875,,-1.1409999999999911,-0.005,2016-07-01
289,289,"Meats, poultry, fish, and eggs",2016,8,1,246.547,,-0.32800000000000296,-0.001,2016-08-01
288,288,"Meats, poultry, fish, and eggs",2016,9,1,246.642,,0.09499999999999886,0.0,2016-09-01
287,287,"Meats, poultry, fish, and eggs",2016,10,1,244.77,,-1.8719999999999857,-0.008,2016-10-01
286,286,"Meats, poultry, fish, and eggs",2016,11,1,243.633,,-1.1370000000000005,-0.005,2016-11-01
285,285,"Meats, poultry, fish, and eggs",2016,12,1,241.612,,-2.021000000000015,-0.008,2016-12-01
284,284,"Meats, poultry, fish, and eggs",2017,1,1,242.596,,0.9840000000000089,0.004,2017-01-01
283,283,"Meats, poultry, fish, and eggs",2017,2,1,243.057,,0.4609999999999843,0.002,2017-02-01
282,282,"Meats, poultry, fish, and eggs",2017,3,1,244.306,,1.2490000000000236,0.005,2017-03-01
281,281,"Meats, poultry, fish, and eggs",2017,4,1,243.33,,-0.9759999999999991,-0.004,2017-04-01
280,280,"Meats, poultry, fish, and eggs",2017,5,1,243.815,,0.4849999999999852,0.002,2017-05-01
279,279,"Meats, poultry, fish, and eggs",2017,6,1,245.756,,1.9410000000000025,0.008,2017-06-01
278,278,"Meats, poultry, fish, and eggs",2017,7,1,247.761,,2.0049999999999955,0.008,2017-07-01
277,277,"Meats, poultry, fish, and eggs",2017,8,1,247.985,,0.22400000000001796,0.001,2017-08-01
276,276,"Meats, poultry, fish, and eggs",2017,9,1,247.613,,-0.3720000000000141,-0.002,2017-09-01
275,275,"Meats, poultry, fish, and eggs",2017,10,1,248.413,,0.8000000000000114,0.003,2017-10-01
274,274,"Meats, poultry, fish, and eggs",2017,11,1,247.027,,-1.386000000000024,-0.006,2017-11-01
273,273,"Meats, poultry, fish, and eggs",2017,12,1,248.42,,1.3930000000000007,0.006,2017-12-01
272,272,"Meats, poultry, fish, and eggs",2018,1,1,247.284,,-1.1359999999999957,-0.005,2018-01-01
271,271,"Meats, poultry, fish, and eggs",2018,2,1,247.095,,-0.18899999999999295,-0.001,2018-02-01
270,270,"Meats, poultry, fish, and eggs",2018,3,1,249.516,,2.4209999999999923,0.01,2018-03-01
269,269,"Meats, poultry, fish, and eggs",2018,4,1,251.922,,2.406000000000006,0.01,2018-04-01
268,268,"Meats, poultry, fish, and eggs",2018,5,1,249.449,,-2.4729999999999848,-0.01,2018-05-01
267,267,"Meats, poultry, fish, and eggs",2018,6,1,248.609,,-0.8400000000000034,-0.003,2018-06-01
266,266,"Meats, poultry, fish, and eggs",2018,7,1,250.042,,1.4329999999999927,0.006,2018-07-01
265,265,"Meats, poultry, fish, and eggs",2018,8,1,250.743,,0.7009999999999934,0.003,2018-08-01
264,264,"Meats, poultry, fish, and eggs",2018,9,1,248.876,,-1.8669999999999902,-0.007,2018-09-01
263,263,"Meats, poultry, fish, and eggs",2018,10,1,247.966,,-0.9099999999999966,-0.004,2018-10-01
262,262,"Meats, poultry, fish, and eggs",2018,11,1,247.954,,-0.012000000000000455,-0.0,2018-11-01
261,261,"Meats, poultry, fish, and eggs",2018,12,1,247.327,,-0.6270000000000095,-0.003,2018-12-01
260,260,"Meats, poultry, fish, and eggs",2019,1,1,248.169,,0.842000000000013,0.003,2019-01-01
259,259,"Meats, poultry, fish, and eggs",2019,2,1,248.597,,0.42799999999999727,0.002,2019-02-01
258,258,"Meats, poultry, fish, and eggs",2019,3,1,249.062,,0.4650000000000034,0.002,2019-03-01
257,257,"Meats, poultry, fish, and eggs",2019,4,1,249.203,,0.14099999999999113,0.001,2019-04-01
256,256,"Meats, poultry, fish, and eggs",2019,5,1,250.356,,1.1529999999999916,0.005,2019-05-01
255,255,"Meats, poultry, fish, and eggs",2019,6,1,249.231,,-1.125,-0.004,2019-06-01
254,254,"Meats, poultry, fish, and eggs",2019,7,1,250.033,,0.8019999999999925,0.003,2019-07-01
253,253,"Meats, poultry, fish, and eggs",2019,8,1,249.277,,-0.7560000000000002,-0.003,2019-08-01
252,252,"Meats, poultry, fish, and eggs",2019,9,1,249.74,,0.4630000000000223,0.002,2019-09-01
251,251,"Meats, poultry, fish, and eggs",2019,10,1,250.592,,0.8520000000000039,0.003,2019-10-01
250,250,"Meats, poultry, fish, and eggs",2019,11,1,250.491,,-0.10099999999999909,-0.0,2019-11-01
249,249,"Meats, poultry, fish, and eggs",2019,12,1,252.893,,2.401999999999987,0.01,2019-12-01
248,248,"Meats, poultry, fish, and eggs",2020,1,1,252.905,,0.012000000000000455,0.0,2020-01-01
247,247,"Meats, poultry, fish, and eggs",2020,2,1,253.396,,0.49099999999998545,0.002,2020-02-01
246,246,"Meats, poultry, fish, and eggs",2020,3,1,254.724,,1.328000000000003,0.005,2020-03-01
245,245,"Meats, poultry, fish, and eggs",2020,4,1,266.263,,11.538999999999987,0.045,2020-04-01
244,244,"Meats, poultry, fish, and eggs",2020,5,1,275.405,,9.141999999999996,0.034,2020-05-01
243,243,"Meats, poultry, fish, and eggs",2020,6,1,281.139,,5.734000000000037,0.021,2020-06-01
242,242,"Meats, poultry, fish, and eggs",2020,7,1,271.028,,-10.11099999999999,-0.036,2020-07-01
241,241,"Meats, poultry, fish, and eggs",2020,8,1,266.969,,-4.059000000000026,-0.015,2020-08-01
240,240,"Meats, poultry, fish, and eggs",2020,9,1,265.386,,-1.58299999999997,-0.006,2020-09-01
239,239,"Meats, poultry, fish, and eggs",2020,10,1,265.796,,0.40999999999996817,0.002,2020-10-01
238,238,"Meats, poultry, fish, and eggs",2020,11,1,265.307,,-0.4889999999999759,-0.002,2020-11-01
237,237,"Meats, poultry, fish, and eggs",2020,12,1,264.475,,-0.8319999999999936,-0.003,2020-12-01
236,236,"Meats, poultry, fish, and eggs",2021,1,1,265.922,,1.4470000000000027,0.005,2021-01-01
235,235,"Meats, poultry, fish, and eggs",2021,2,1,266.606,,0.6839999999999691,0.003,2021-02-01
234,234,"Meats, poultry, fish, and eggs",2021,3,1,268.457,,1.850999999999999,0.007,2021-03-01
233,233,"Meats, poultry, fish, and eggs",2021,4,1,271.459,,3.0020000000000095,0.011,2021-04-01
232,232,"Meats, poultry, fish, and eggs",2021,5,1,275.776,,4.317000000000007,0.016,2021-05-01
231,231,"Meats, poultry, fish, and eggs",2021,6,1,282.993,,7.2169999999999845,0.026,2021-06-01
230,230,"Meats, poultry, fish, and eggs",2021,7,1,286.994,,4.001000000000033,0.014,2021-07-01
229,229,"Meats, poultry, fish, and eggs",2021,8,1,288.367,,1.3729999999999905,0.005,2021-08-01
228,228,"Meats, poultry, fish, and eggs",2021,9,1,293.217,,4.849999999999966,0.017,2021-09-01
227,227,"Meats, poultry, fish, and eggs",2021,10,1,297.377,,4.160000000000025,0.014,2021-10-01
226,226,"Meats, poultry, fish, and eggs",2021,11,1,299.228,,1.850999999999999,0.006,2021-11-01
225,225,"Meats, poultry, fish, and eggs",2021,12,1,297.604,,-1.6240000000000236,-0.005,2021-12-01
224,224,"Meats, poultry, fish, and eggs",2022,1,1,298.441,,0.8369999999999891,0.003,2022-01-01
223,223,"Meats, poultry, fish, and eggs",2022,2,1,301.24,,2.799000000000035,0.009,2022-02-01
222,222,"Meats, poultry, fish, and eggs",2022,3,1,305.116,,3.8759999999999764,0.013,2022-03-01
221,221,Cereals and bakery products,2013,1,1,269.078,,-36.03800000000001,-0.118,2013-01-01
220,220,Cereals and bakery products,2013,2,1,269.304,,0.2259999999999991,0.001,2013-02-01
219,219,Cereals and bakery products,2013,3,1,269.504,,0.20000000000004547,0.001,2013-03-01
218,218,Cereals and bakery products,2013,4,1,271.388,,1.8839999999999577,0.007,2013-04-01
217,217,Cereals and bakery products,2013,5,1,271.041,,-0.34699999999998,-0.001,2013-05-01
216,216,Cereals and bakery products,2013,6,1,271.716,,0.6750000000000114,0.002,2013-06-01
215,215,Cereals and bakery products,2013,7,1,271.279,,-0.4370000000000118,-0.002,2013-07-01
214,214,Cereals and bakery products,2013,8,1,271.285,,0.006000000000028649,0.0,2013-08-01
213,213,Cereals and bakery products,2013,9,1,270.894,,-0.39100000000001955,-0.001,2013-09-01
212,212,Cereals and bakery products,2013,10,1,270.303,,-0.5910000000000082,-0.002,2013-10-01
211,211,Cereals and bakery products,2013,11,1,269.75,,-0.5529999999999973,-0.002,2013-11-01
210,210,Cereals and bakery products,2013,12,1,269.267,,-0.4830000000000041,-0.002,2013-12-01
209,209,Cereals and bakery products,2014,1,1,271.151,,1.8840000000000146,0.007,2014-01-01
208,208,Cereals and bakery products,2014,2,1,270.583,,-0.5679999999999836,-0.002,2014-02-01
207,207,Cereals and bakery products,2014,3,1,270.66,,0.07699999999999818,0.0,2014-03-01
206,206,Cereals and bakery products,2014,4,1,271.005,,0.34499999999997044,0.001,2014-04-01
205,205,Cereals and bakery products,2014,5,1,271.362,,0.35700000000002774,0.001,2014-05-01
204,204,Cereals and bakery products,2014,6,1,270.86,,-0.5020000000000095,-0.002,2014-06-01
203,203,Cereals and bakery products,2014,7,1,271.993,,1.1329999999999814,0.004,2014-07-01
202,202,Cereals and bakery products,2014,8,1,272.108,,0.1150000000000091,0.0,2014-08-01
201,201,Cereals and bakery products,2014,9,1,270.66,,-1.447999999999979,-0.005,2014-09-01
200,200,Cereals and bakery products,2014,10,1,271.313,,0.6529999999999632,0.002,2014-10-01
199,199,Cereals and bakery products,2014,11,1,270.344,,-0.9689999999999941,-0.004,2014-11-01
198,198,Cereals and bakery products,2014,12,1,270.635,,0.2909999999999968,0.001,2014-12-01
197,197,Cereals and bakery products,2015,1,1,273.589,,2.9540000000000077,0.011,2015-01-01
196,196,Cereals and bakery products,2015,2,1,273.052,,-0.5369999999999777,-0.002,2015-02-01
195,195,Cereals and bakery products,2015,3,1,273.812,,0.7599999999999909,0.003,2015-03-01
194,194,Cereals and bakery products,2015,4,1,273.366,,-0.4460000000000264,-0.002,2015-04-01
193,193,Cereals and bakery products,2015,5,1,273.595,,0.22900000000004184,0.001,2015-05-01
192,192,Cereals and bakery products,2015,6,1,274.479,,0.8839999999999577,0.003,2015-06-01
191,191,Cereals and bakery products,2015,7,1,275.526,,1.0470000000000255,0.004,2015-07-01
190,190,Cereals and bakery products,2015,8,1,274.968,,-0.5579999999999927,-0.002,2015-08-01
189,189,Cereals and bakery products,2015,9,1,273.53,,-1.438000000000045,-0.005,2015-09-01
188,188,Cereals and bakery products,2015,10,1,275.753,,2.223000000000013,0.008,2015-10-01
187,187,Cereals and bakery products,2015,11,1,273.752,,-2.0009999999999764,-0.007,2015-11-01
186,186,Cereals and bakery products,2015,12,1,273.245,,-0.507000000000005,-0.002,2015-12-01
185,185,Cereals and bakery products,2016,1,1,274.58,,1.3349999999999795,0.005,2016-01-01
184,184,Cereals and bakery products,2016,2,1,274.801,,0.22100000000000364,0.001,2016-02-01
183,183,Cereals and bakery products,2016,3,1,273.162,,-1.63900000000001,-0.006,2016-03-01
182,182,Cereals and bakery products,2016,4,1,273.924,,0.7620000000000005,0.003,2016-04-01
181,181,Cereals and bakery products,2016,5,1,273.074,,-0.8499999999999659,-0.003,2016-05-01
180,180,Cereals and bakery products,2016,6,1,273.379,,0.3050000000000068,0.001,2016-06-01
179,179,Cereals and bakery products,2016,7,1,273.418,,0.03899999999998727,0.0,2016-07-01
178,178,Cereals and bakery products,2016,8,1,273.104,,-0.3140000000000214,-0.001,2016-08-01
177,177,Cereals and bakery products,2016,9,1,272.089,,-1.0149999999999864,-0.004,2016-09-01
176,176,Cereals and bakery products,2016,10,1,272.502,,0.4130000000000109,0.002,2016-10-01
175,175,Cereals and bakery products,2016,11,1,271.896,,-0.6059999999999945,-0.002,2016-11-01
174,174,Cereals and bakery products,2016,12,1,271.374,,-0.5219999999999914,-0.002,2016-12-01
173,173,Cereals and bakery products,2017,1,1,272.922,,1.5480000000000018,0.006,2017-01-01
172,172,Cereals and bakery products,2017,2,1,271.708,,-1.2139999999999986,-0.004,2017-02-01
171,171,Cereals and bakery products,2017,3,1,272.174,,0.46599999999995134,0.002,2017-03-01
170,170,Cereals and bakery products,2017,4,1,271.865,,-0.3089999999999691,-0.001,2017-04-01
169,169,Cereals and bakery products,2017,5,1,272.445,,0.5799999999999841,0.002,2017-05-01
168,168,Cereals and bakery products,2017,6,1,272.429,,-0.016000000000019554,-0.0,2017-06-01
167,167,Cereals and bakery products,2017,7,1,271.95,,-0.478999999999985,-0.002,2017-07-01
166,166,Cereals and bakery products,2017,8,1,272.544,,0.5939999999999941,0.002,2017-08-01
165,165,Cereals and bakery products,2017,9,1,271.75,,-0.7939999999999827,-0.003,2017-09-01
164,164,Cereals and bakery products,2017,10,1,270.858,,-0.8919999999999959,-0.003,2017-10-01
163,163,Cereals and bakery products,2017,11,1,269.646,,-1.211999999999989,-0.004,2017-11-01
162,162,Cereals and bakery products,2017,12,1,269.847,,0.20099999999996498,0.001,2017-12-01
161,161,Cereals and bakery products,2018,1,1,272.273,,2.4260000000000446,0.009,2018-01-01
160,160,Cereals and bakery products,2018,2,1,271.245,,-1.02800000000002,-0.004,2018-02-01
159,159,Cereals and bakery products,2018,3,1,272.345,,1.1000000000000227,0.004,2018-03-01
158,158,Cereals and bakery products,2018,4,1,271.766,,-0.5790000000000077,-0.002,2018-04-01
157,157,Cereals and bakery products,2018,5,1,271.91,,0.14400000000000546,0.001,2018-05-01
156,156,Cereals and bakery products,2018,6,1,273.682,,1.7719999999999914,0.007,2018-06-01
155,155,Cereals and bakery products,2018,7,1,273.258,,-0.424000000000035,-0.002,2018-07-01
154,154,Cereals and bakery products,2018,8,1,273.338,,0.08000000000004093,0.0,2018-08-01
153,153,Cereals and bakery products,2018,9,1,273.729,,0.3909999999999627,0.001,2018-09-01
152,152,Cereals and bakery products,2018,10,1,272.26,,-1.468999999999994,-0.005,2018-10-01
151,151,Cereals and bakery products,2018,11,1,273.24,,0.9800000000000182,0.004,2018-11-01
150,150,Cereals and bakery products,2018,12,1,274.321,,1.0810000000000173,0.004,2018-12-01
149,149,Cereals and bakery products,2019,1,1,275.05,,0.728999999999985,0.003,2019-01-01
148,148,Cereals and bakery products,2019,2,1,275.996,,0.9459999999999695,0.003,2019-02-01
147,147,Cereals and bakery products,2019,3,1,277.275,,1.2789999999999964,0.005,2019-03-01
146,146,Cereals and bakery products,2019,4,1,276.64,,-0.6349999999999909,-0.002,2019-04-01
145,145,Cereals and bakery products,2019,5,1,277.795,,1.1550000000000296,0.004,2019-05-01
144,144,Cereals and bakery products,2019,6,1,276.891,,-0.9039999999999964,-0.003,2019-06-01
143,143,Cereals and bakery products,2019,7,1,277.49,,0.5989999999999895,0.002,2019-07-01
142,142,Cereals and bakery products,2019,8,1,276.619,,-0.8709999999999809,-0.003,2019-08-01
141,141,Cereals and bakery products,2019,9,1,277.308,,0.6889999999999645,0.002,2019-09-01
140,140,Cereals and bakery products,2019,10,1,276.47,,-0.8379999999999654,-0.003,2019-10-01
139,139,Cereals and bakery products,2019,11,1,276.166,,-0.30400000000003047,-0.001,2019-11-01
138,138,Cereals and bakery products,2019,12,1,275.036,,-1.1299999999999955,-0.004,2019-12-01
137,137,Cereals and bakery products,2020,1,1,275.916,,0.8799999999999955,0.003,2020-01-01
136,136,Cereals and bakery products,2020,2,1,276.641,,0.7250000000000227,0.003,2020-02-01
135,135,Cereals and bakery products,2020,3,1,277.646,,1.0049999999999955,0.004,2020-03-01
134,134,Cereals and bakery products,2020,4,1,285.16,,7.51400000000001,0.027,2020-04-01
133,133,Cereals and bakery products,2020,5,1,284.937,,-0.2230000000000132,-0.001,2020-05-01
132,132,Cereals and bakery products,2020,6,1,286.092,,1.1549999999999727,0.004,2020-06-01
131,131,Cereals and bakery products,2020,7,1,285.204,,-0.8879999999999768,-0.003,2020-07-01
130,130,Cereals and bakery products,2020,8,1,284.472,,-0.7320000000000277,-0.003,2020-08-01
129,129,Cereals and bakery products,2020,9,1,284.416,,-0.055999999999983174,-0.0,2020-09-01
128,128,Cereals and bakery products,2020,10,1,284.74,,0.3240000000000123,0.001,2020-10-01
127,127,Cereals and bakery products,2020,11,1,282.782,,-1.9580000000000268,-0.007,2020-11-01
126,126,Cereals and bakery products,2020,12,1,283.735,,0.9530000000000314,0.003,2020-12-01
125,125,Cereals and bakery products,2021,1,1,282.911,,-0.8240000000000123,-0.003,2021-01-01
124,124,Cereals and bakery products,2021,2,1,284.095,,1.184000000000026,0.004,2021-02-01
123,123,Cereals and bakery products,2021,3,1,284.746,,0.6509999999999536,0.002,2021-03-01
122,122,Cereals and bakery products,2021,4,1,285.377,,0.6310000000000286,0.002,2021-04-01
121,121,Cereals and bakery products,2021,5,1,286.649,,1.2719999999999914,0.004,2021-05-01
120,120,Cereals and bakery products,2021,6,1,286.761,,0.11200000000002319,0.0,2021-06-01
119,119,Cereals and bakery products,2021,7,1,289.533,,2.7719999999999914,0.01,2021-07-01
118,118,Cereals and bakery products,2021,8,1,288.99,,-0.5430000000000064,-0.002,2021-08-01
117,117,Cereals and bakery products,2021,9,1,292.069,,3.0790000000000077,0.011,2021-09-01
116,116,Cereals and bakery products,2021,10,1,294.625,,2.555999999999983,0.009,2021-10-01
115,115,Cereals and bakery products,2021,11,1,295.909,,1.2839999999999918,0.004,2021-11-01
114,114,Cereals and bakery products,2021,12,1,297.279,,1.3700000000000045,0.005,2021-12-01
113,113,Cereals and bakery products,2022,1,1,302.242,,4.963000000000022,0.017,2022-01-01
112,112,Cereals and bakery products,2022,2,1,306.193,,3.950999999999965,0.013,2022-02-01
111,111,Cereals and bakery products,2022,3,1,311.606,,5.413000000000011,0.018,2022-03-01
110,110,All items,2013,1,1,230.28,,-81.326,-0.261,2013-01-01
109,109,All items,2013,2,1,232.166,,1.8859999999999957,0.008,2013-02-01
108,108,All items,2013,3,1,232.773,,0.6069999999999993,0.003,2013-03-01
107,107,All items,2013,4,1,232.531,,-0.24199999999999022,-0.001,2013-04-01
106,106,All items,2013,5,1,232.945,,0.41399999999998727,0.002,2013-05-01
105,105,All items,2013,6,1,233.504,,0.5589999999999975,0.002,2013-06-01
104,104,All items,2013,7,1,233.596,,0.09200000000001296,0.0,2013-07-01
103,103,All items,2013,8,1,233.877,,0.2810000000000059,0.001,2013-08-01
102,102,All items,2013,9,1,234.149,,0.27199999999999136,0.001,2013-09-01
101,101,All items,2013,10,1,233.546,,-0.6030000000000086,-0.003,2013-10-01
100,100,All items,2013,11,1,233.069,,-0.47700000000000387,-0.002,2013-11-01
99,99,All items,2013,12,1,233.049,,-0.01999999999998181,-0.0,2013-12-01
98,98,All items,2014,1,1,233.916,,0.8669999999999902,0.004,2014-01-01
97,97,All items,2014,2,1,234.781,,0.8650000000000091,0.004,2014-02-01
96,96,All items,2014,3,1,236.293,,1.5120000000000005,0.006,2014-03-01
95,95,All items,2014,4,1,237.072,,0.7789999999999964,0.003,2014-04-01
94,94,All items,2014,5,1,237.9,,0.828000000000003,0.003,2014-05-01
93,93,All items,2014,6,1,238.343,,0.44299999999998363,0.002,2014-06-01
92,92,All items,2014,7,1,238.25,,-0.09299999999998931,-0.0,2014-07-01
91,91,All items,2014,8,1,237.852,,-0.39799999999999613,-0.002,2014-08-01
90,90,All items,2014,9,1,238.031,,0.17900000000000205,0.001,2014-09-01
89,89,All items,2014,10,1,237.433,,-0.5980000000000132,-0.003,2014-10-01
88,88,All items,2014,11,1,236.151,,-1.2819999999999823,-0.005,2014-11-01
87,87,All items,2014,12,1,234.812,,-1.3389999999999986,-0.006,2014-12-01
86,86,All items,2015,1,1,233.707,,-1.1050000000000182,-0.005,2015-01-01
85,85,All items,2015,2,1,234.722,,1.0150000000000148,0.004,2015-02-01
84,84,All items,2015,3,1,236.119,,1.3969999999999914,0.006,2015-03-01
83,83,All items,2015,4,1,236.599,,0.47999999999998977,0.002,2015-04-01
82,82,All items,2015,5,1,237.805,,1.2060000000000173,0.005,2015-05-01
81,81,All items,2015,6,1,238.638,,0.8329999999999984,0.004,2015-06-01
80,80,All items,2015,7,1,238.654,,0.015999999999991132,0.0,2015-07-01
79,79,All items,2015,8,1,238.316,,-0.33799999999999386,-0.001,2015-08-01
78,78,All items,2015,9,1,237.945,,-0.3710000000000093,-0.002,2015-09-01
77,77,All items,2015,10,1,237.838,,-0.10699999999999932,-0.0,2015-10-01
76,76,All items,2015,11,1,237.336,,-0.5019999999999811,-0.002,2015-11-01
75,75,All items,2015,12,1,236.525,,-0.811000000000007,-0.003,2015-12-01
74,74,All items,2016,1,1,236.916,,0.39099999999999113,0.002,2016-01-01
73,73,All items,2016,2,1,237.111,,0.19499999999999318,0.001,2016-02-01
72,72,All items,2016,3,1,238.132,,1.021000000000015,0.004,2016-03-01
71,71,All items,2016,4,1,239.261,,1.1289999999999907,0.005,2016-04-01
70,70,All items,2016,5,1,240.229,,0.9680000000000177,0.004,2016-05-01
69,69,All items,2016,6,1,241.018,,0.7889999999999873,0.003,2016-06-01
68,68,All items,2016,7,1,240.628,,-0.3900000000000148,-0.002,2016-07-01
67,67,All items,2016,8,1,240.849,,0.22100000000000364,0.001,2016-08-01
66,66,All items,2016,9,1,241.428,,0.5790000000000077,0.002,2016-09-01
65,65,All items,2016,10,1,241.729,,0.30100000000001614,0.001,2016-10-01
64,64,All items,2016,11,1,241.353,,-0.3760000000000048,-0.002,2016-11-01
63,63,All items,2016,12,1,241.432,,0.07899999999997931,0.0,2016-12-01
62,62,All items,2017,1,1,242.839,,1.4070000000000107,0.006,2017-01-01
61,61,All items,2017,2,1,243.603,,0.76400000000001,0.003,2017-02-01
60,60,All items,2017,3,1,243.801,,0.19799999999997908,0.001,2017-03-01
59,59,All items,2017,4,1,244.524,,0.7230000000000132,0.003,2017-04-01
58,58,All items,2017,5,1,244.733,,0.20900000000000318,0.001,2017-05-01
57,57,All items,2017,6,1,244.955,,0.2220000000000084,0.001,2017-06-01
56,56,All items,2017,7,1,244.786,,-0.16900000000001114,-0.001,2017-07-01
55,55,All items,2017,8,1,245.519,,0.7330000000000041,0.003,2017-08-01
54,54,All items,2017,9,1,246.819,,1.299999999999983,0.005,2017-09-01
53,53,All items,2017,10,1,246.663,,-0.1559999999999775,-0.001,2017-10-01
52,52,All items,2017,11,1,246.669,,0.006000000000000227,0.0,2017-11-01
51,51,All items,2017,12,1,246.524,,-0.14500000000001023,-0.001,2017-12-01
50,50,All items,2018,1,1,247.867,,1.3429999999999893,0.005,2018-01-01
49,49,All items,2018,2,1,248.991,,1.1240000000000236,0.005,2018-02-01
48,48,All items,2018,3,1,249.554,,0.5629999999999882,0.002,2018-03-01
47,47,All items,2018,4,1,250.546,,0.9919999999999902,0.004,2018-04-01
46,46,All items,2018,5,1,251.588,,1.0420000000000016,0.004,2018-05-01
45,45,All items,2018,6,1,251.989,,0.40100000000001046,0.002,2018-06-01
44,44,All items,2018,7,1,252.006,,0.016999999999995907,0.0,2018-07-01
43,43,All items,2018,8,1,252.146,,0.13999999999998636,0.001,2018-08-01
42,42,All items,2018,9,1,252.439,,0.29300000000000637,0.001,2018-09-01
41,41,All items,2018,10,1,252.885,,0.44599999999999795,0.002,2018-10-01
40,40,All items,2018,11,1,252.038,,-0.84699999999998,-0.003,2018-11-01
39,39,All items,2018,12,1,251.233,,-0.8050000000000068,-0.003,2018-12-01
38,38,All items,2019,1,1,251.712,,0.478999999999985,0.002,2019-01-01
37,37,All items,2019,2,1,252.776,,1.0640000000000214,0.004,2019-02-01
36,36,All items,2019,3,1,254.202,,1.4259999999999877,0.006,2019-03-01
35,35,All items,2019,4,1,255.548,,1.3460000000000036,0.005,2019-04-01
34,34,All items,2019,5,1,256.092,,0.5439999999999827,0.002,2019-05-01
33,33,All items,2019,6,1,256.143,,0.05099999999998772,0.0,2019-06-01
32,32,All items,2019,7,1,256.571,,0.4280000000000541,0.002,2019-07-01
31,31,All items,2019,8,1,256.558,,-0.013000000000033651,-0.0,2019-08-01
30,30,All items,2019,9,1,256.759,,0.20100000000002183,0.001,2019-09-01
29,29,All items,2019,10,1,257.346,,0.5869999999999891,0.002,2019-10-01
28,28,All items,2019,11,1,257.208,,-0.1379999999999768,-0.001,2019-11-01
27,27,All items,2019,12,1,256.974,,-0.2340000000000373,-0.001,2019-12-01
26,26,All items,2020,1,1,257.971,,0.9970000000000141,0.004,2020-01-01
25,25,All items,2020,2,1,258.678,,0.7069999999999936,0.003,2020-02-01
24,24,All items,2020,3,1,258.115,,-0.5629999999999882,-0.002,2020-03-01
23,23,All items,2020,4,1,256.389,,-1.725999999999999,-0.007,2020-04-01
22,22,All items,2020,5,1,256.394,,0.0049999999999954525,0.0,2020-05-01
21,21,All items,2020,6,1,257.797,,1.40300000000002,0.005,2020-06-01
20,20,All items,2020,7,1,259.101,,1.3039999999999736,0.005,2020-07-01
19,19,All items,2020,8,1,259.918,,0.8170000000000073,0.003,2020-08-01
18,18,All items,2020,9,1,260.28,,0.36199999999996635,0.001,2020-09-01
17,17,All items,2020,10,1,260.388,,0.10800000000000409,0.0,2020-10-01
16,16,All items,2020,11,1,260.229,,-0.15899999999999181,-0.001,2020-11-01
15,15,All items,2020,12,1,260.474,,0.24500000000000455,0.001,2020-12-01
14,14,All items,2021,1,1,261.582,,1.108000000000004,0.004,2021-01-01
13,13,All items,2021,2,1,263.014,,1.4320000000000164,0.005,2021-02-01
12,12,All items,2021,3,1,264.877,,1.8629999999999995,0.007,2021-03-01
11,11,All items,2021,4,1,267.054,,2.176999999999964,0.008,2021-04-01
10,10,All items,2021,5,1,269.195,,2.1410000000000196,0.008,2021-05-01
9,9,All items,2021,6,1,271.696,,2.501000000000033,0.009,2021-06-01
8,8,All items,2021,7,1,273.003,,1.3069999999999595,0.005,2021-07-01
7,7,All items,2021,8,1,273.567,,0.5640000000000214,0.002,2021-08-01
6,6,All items,2021,9,1,274.31,,0.742999999999995,0.003,2021-09-01
5,5,All items,2021,10,1,276.589,,2.2789999999999964,0.008,2021-10-01
4,4,All items,2021,11,1,277.948,,1.3589999999999804,0.005,2021-11-01
3,3,All items,2021,12,1,278.802,,0.8540000000000418,0.003,2021-12-01
2,2,All items,2022,1,1,281.148,,2.3460000000000036,0.008,2022-01-01
1,1,All items,2022,2,1,283.716,,2.5679999999999836,0.009,2022-02-01
0,0,All items,2022,3,1,287.504,,3.788000000000011,0.013,2022-03-01
